Watcher (frontend-only) starting…
npm error could not determine executable to run
npm error A complete log of this run can be found in: /Users/christophercook/.npm/_logs/2025-10-07T23_21_39_720Z-debug-0.log
Watcher exited; restarting in 1s…
npm error could not determine executable to run
npm error A complete log of this run can be found in: /Users/christophercook/.npm/_logs/2025-10-07T23_21_41_236Z-debug-0.log
Watcher exited; restarting in 1s…
npm error could not determine executable to run
npm error A complete log of this run can be found in: /Users/christophercook/.npm/_logs/2025-10-07T23_21_42_741Z-debug-0.log
Watcher exited; restarting in 1s…
npm error could not determine executable to run
npm error A complete log of this run can be found in: /Users/christophercook/.npm/_logs/2025-10-07T23_21_44_306Z-debug-0.log
Watcher exited; restarting in 1s…
npm error could not determine executable to run
npm error A complete log of this run can be found in: /Users/christophercook/.npm/_logs/2025-10-07T23_21_45_860Z-debug-0.log
Watcher exited; restarting in 1s…
npm error could not determine executable to run
npm error A complete log of this run can be found in: /Users/christophercook/.npm/_logs/2025-10-07T23_21_47_377Z-debug-0.log
Watcher exited; restarting in 1s…
npm error could not determine executable to run
npm error A complete log of this run can be found in: /Users/christophercook/.npm/_logs/2025-10-07T23_21_48_901Z-debug-0.log
Watcher exited; restarting in 1s…
npm error could not determine executable to run
npm error A complete log of this run can be found in: /Users/christophercook/.npm/_logs/2025-10-07T23_21_50_409Z-debug-0.log
Watcher exited; restarting in 1s…
npm error could not determine executable to run
npm error A complete log of this run can be found in: /Users/christophercook/.npm/_logs/2025-10-07T23_21_51_942Z-debug-0.log
Watcher exited; restarting in 1s…
npm error could not determine executable to run
npm error A complete log of this run can be found in: /Users/christophercook/.npm/_logs/2025-10-07T23_21_53_513Z-debug-0.log
Watcher exited; restarting in 1s…
npm error could not determine executable to run
npm error A complete log of this run can be found in: /Users/christophercook/.npm/_logs/2025-10-07T23_21_55_020Z-debug-0.log
Watcher exited; restarting in 1s…
npm error could not determine executable to run
npm error A complete log of this run can be found in: /Users/christophercook/.npm/_logs/2025-10-07T23_21_56_530Z-debug-0.log
Watcher exited; restarting in 1s…
npm error could not determine executable to run
npm error A complete log of this run can be found in: /Users/christophercook/.npm/_logs/2025-10-07T23_21_58_069Z-debug-0.log
Watcher exited; restarting in 1s…
npm error could not determine executable to run
npm error A complete log of this run can be found in: /Users/christophercook/.npm/_logs/2025-10-07T23_21_59_547Z-debug-0.log
Watcher exited; restarting in 1s…
npm error could not determine executable to run
npm error A complete log of this run can be found in: /Users/christophercook/.npm/_logs/2025-10-07T23_22_01_051Z-debug-0.log
Watcher exited; restarting in 1s…
npm error could not determine executable to run
npm error A complete log of this run can be found in: /Users/christophercook/.npm/_logs/2025-10-07T23_22_02_560Z-debug-0.log
Watcher exited; restarting in 1s…
npm error could not determine executable to run
npm error A complete log of this run can be found in: /Users/christophercook/.npm/_logs/2025-10-07T23_22_04_090Z-debug-0.log
Watcher exited; restarting in 1s…
npm error could not determine executable to run
npm error A complete log of this run can be found in: /Users/christophercook/.npm/_logs/2025-10-07T23_22_05_633Z-debug-0.log
Watcher exited; restarting in 1s…
npm error could not determine executable to run
npm error A complete log of this run can be found in: /Users/christophercook/.npm/_logs/2025-10-07T23_22_07_123Z-debug-0.log
Watcher exited; restarting in 1s…
npm error could not determine executable to run
npm error A complete log of this run can be found in: /Users/christophercook/.npm/_logs/2025-10-07T23_22_08_620Z-debug-0.log
Watcher exited; restarting in 1s…
npm error could not determine executable to run
npm error A complete log of this run can be found in: /Users/christophercook/.npm/_logs/2025-10-07T23_22_10_124Z-debug-0.log
Watcher exited; restarting in 1s…
npm error could not determine executable to run
npm error A complete log of this run can be found in: /Users/christophercook/.npm/_logs/2025-10-07T23_22_11_653Z-debug-0.log
Watcher exited; restarting in 1s…
npm error could not determine executable to run
npm error A complete log of this run can be found in: /Users/christophercook/.npm/_logs/2025-10-07T23_22_13_433Z-debug-0.log
Watcher exited; restarting in 1s…
npm error could not determine executable to run
npm error A complete log of this run can be found in: /Users/christophercook/.npm/_logs/2025-10-07T23_22_14_919Z-debug-0.log
Watcher exited; restarting in 1s…
npm error could not determine executable to run
npm error A complete log of this run can be found in: /Users/christophercook/.npm/_logs/2025-10-07T23_22_16_444Z-debug-0.log
Watcher exited; restarting in 1s…
npm error could not determine executable to run
npm error A complete log of this run can be found in: /Users/christophercook/.npm/_logs/2025-10-07T23_22_17_951Z-debug-0.log
Watcher exited; restarting in 1s…
npm error could not determine executable to run
npm error A complete log of this run can be found in: /Users/christophercook/.npm/_logs/2025-10-07T23_22_19_434Z-debug-0.log
Watcher exited; restarting in 1s…
npm error could not determine executable to run
npm error A complete log of this run can be found in: /Users/christophercook/.npm/_logs/2025-10-07T23_22_20_924Z-debug-0.log
Watcher exited; restarting in 1s…
npm error could not determine executable to run
npm error A complete log of this run can be found in: /Users/christophercook/.npm/_logs/2025-10-07T23_22_22_429Z-debug-0.log
Watcher exited; restarting in 1s…
npm error could not determine executable to run
npm error A complete log of this run can be found in: /Users/christophercook/.npm/_logs/2025-10-07T23_22_23_909Z-debug-0.log
Watcher exited; restarting in 1s…
npm error could not determine executable to run
npm error A complete log of this run can be found in: /Users/christophercook/.npm/_logs/2025-10-07T23_22_25_579Z-debug-0.log
Watcher exited; restarting in 1s…
npm error could not determine executable to run
npm error A complete log of this run can be found in: /Users/christophercook/.npm/_logs/2025-10-07T23_22_27_159Z-debug-0.log
Watcher exited; restarting in 1s…
npm error could not determine executable to run
npm error A complete log of this run can be found in: /Users/christophercook/.npm/_logs/2025-10-07T23_22_28_667Z-debug-0.log
Watcher exited; restarting in 1s…
npm error could not determine executable to run
npm error A complete log of this run can be found in: /Users/christophercook/.npm/_logs/2025-10-07T23_22_30_187Z-debug-0.log
Watcher exited; restarting in 1s…
npm error could not determine executable to run
npm error A complete log of this run can be found in: /Users/christophercook/.npm/_logs/2025-10-07T23_22_31_729Z-debug-0.log
Watcher exited; restarting in 1s…
npm error could not determine executable to run
npm error A complete log of this run can be found in: /Users/christophercook/.npm/_logs/2025-10-07T23_22_33_293Z-debug-0.log
Watcher exited; restarting in 1s…
npm error could not determine executable to run
npm error A complete log of this run can be found in: /Users/christophercook/.npm/_logs/2025-10-07T23_22_34_828Z-debug-0.log
Watcher exited; restarting in 1s…
npm error could not determine executable to run
npm error A complete log of this run can be found in: /Users/christophercook/.npm/_logs/2025-10-07T23_22_36_363Z-debug-0.log
Watcher exited; restarting in 1s…
npm error could not determine executable to run
npm error A complete log of this run can be found in: /Users/christophercook/.npm/_logs/2025-10-07T23_22_37_894Z-debug-0.log
Watcher exited; restarting in 1s…
npm error could not determine executable to run
npm error A complete log of this run can be found in: /Users/christophercook/.npm/_logs/2025-10-07T23_22_39_437Z-debug-0.log
Watcher exited; restarting in 1s…
npm error could not determine executable to run
npm error A complete log of this run can be found in: /Users/christophercook/.npm/_logs/2025-10-07T23_22_40_971Z-debug-0.log
Watcher exited; restarting in 1s…
npm error could not determine executable to run
npm error A complete log of this run can be found in: /Users/christophercook/.npm/_logs/2025-10-07T23_22_42_564Z-debug-0.log
Watcher exited; restarting in 1s…
npm error could not determine executable to run
npm error A complete log of this run can be found in: /Users/christophercook/.npm/_logs/2025-10-07T23_22_44_133Z-debug-0.log
Watcher exited; restarting in 1s…
npm error could not determine executable to run
npm error A complete log of this run can be found in: /Users/christophercook/.npm/_logs/2025-10-07T23_22_45_668Z-debug-0.log
Watcher exited; restarting in 1s…
npm error could not determine executable to run
npm error A complete log of this run can be found in: /Users/christophercook/.npm/_logs/2025-10-07T23_22_47_315Z-debug-0.log
Watcher exited; restarting in 1s…
npm error could not determine executable to run
npm error A complete log of this run can be found in: /Users/christophercook/.npm/_logs/2025-10-07T23_22_48_863Z-debug-0.log
Watcher exited; restarting in 1s…
npm error could not determine executable to run
npm error A complete log of this run can be found in: /Users/christophercook/.npm/_logs/2025-10-07T23_22_50_403Z-debug-0.log
Watcher exited; restarting in 1s…
npm error could not determine executable to run
npm error A complete log of this run can be found in: /Users/christophercook/.npm/_logs/2025-10-07T23_22_51_935Z-debug-0.log
Watcher exited; restarting in 1s…
npm error could not determine executable to run
npm error A complete log of this run can be found in: /Users/christophercook/.npm/_logs/2025-10-07T23_22_53_482Z-debug-0.log
Watcher exited; restarting in 1s…
npm error could not determine executable to run
npm error A complete log of this run can be found in: /Users/christophercook/.npm/_logs/2025-10-07T23_22_55_011Z-debug-0.log
Watcher exited; restarting in 1s…
npm error could not determine executable to run
npm error A complete log of this run can be found in: /Users/christophercook/.npm/_logs/2025-10-07T23_22_56_528Z-debug-0.log
Watcher exited; restarting in 1s…
npm error could not determine executable to run
npm error A complete log of this run can be found in: /Users/christophercook/.npm/_logs/2025-10-07T23_22_58_051Z-debug-0.log
Watcher exited; restarting in 1s…
npm error could not determine executable to run
npm error A complete log of this run can be found in: /Users/christophercook/.npm/_logs/2025-10-07T23_22_59_599Z-debug-0.log
Watcher exited; restarting in 1s…
npm error could not determine executable to run
npm error A complete log of this run can be found in: /Users/christophercook/.npm/_logs/2025-10-07T23_23_01_171Z-debug-0.log
Watcher exited; restarting in 1s…
npm error could not determine executable to run
npm error A complete log of this run can be found in: /Users/christophercook/.npm/_logs/2025-10-07T23_23_02_733Z-debug-0.log
Watcher exited; restarting in 1s…
npm error could not determine executable to run
npm error A complete log of this run can be found in: /Users/christophercook/.npm/_logs/2025-10-07T23_23_04_385Z-debug-0.log
Watcher exited; restarting in 1s…
npm error could not determine executable to run
npm error A complete log of this run can be found in: /Users/christophercook/.npm/_logs/2025-10-07T23_23_05_931Z-debug-0.log
Watcher exited; restarting in 1s…
npm error could not determine executable to run
npm error A complete log of this run can be found in: /Users/christophercook/.npm/_logs/2025-10-07T23_23_07_441Z-debug-0.log
Watcher exited; restarting in 1s…
npm error could not determine executable to run
npm error A complete log of this run can be found in: /Users/christophercook/.npm/_logs/2025-10-07T23_23_08_959Z-debug-0.log
Watcher exited; restarting in 1s…
npm error could not determine executable to run
npm error A complete log of this run can be found in: /Users/christophercook/.npm/_logs/2025-10-07T23_23_10_519Z-debug-0.log
Watcher exited; restarting in 1s…
npm error could not determine executable to run
npm error A complete log of this run can be found in: /Users/christophercook/.npm/_logs/2025-10-07T23_23_12_023Z-debug-0.log
Watcher exited; restarting in 1s…
npm error could not determine executable to run
npm error A complete log of this run can be found in: /Users/christophercook/.npm/_logs/2025-10-07T23_23_13_610Z-debug-0.log
Watcher exited; restarting in 1s…
npm error could not determine executable to run
npm error A complete log of this run can be found in: /Users/christophercook/.npm/_logs/2025-10-07T23_23_15_147Z-debug-0.log
Watcher exited; restarting in 1s…
npm error could not determine executable to run
npm error A complete log of this run can be found in: /Users/christophercook/.npm/_logs/2025-10-07T23_23_16_710Z-debug-0.log
Watcher exited; restarting in 1s…
npm error could not determine executable to run
npm error A complete log of this run can be found in: /Users/christophercook/.npm/_logs/2025-10-07T23_23_18_274Z-debug-0.log
Watcher exited; restarting in 1s…
npm error could not determine executable to run
npm error A complete log of this run can be found in: /Users/christophercook/.npm/_logs/2025-10-07T23_23_19_809Z-debug-0.log
Watcher exited; restarting in 1s…
npm error could not determine executable to run
npm error A complete log of this run can be found in: /Users/christophercook/.npm/_logs/2025-10-07T23_23_21_353Z-debug-0.log
Watcher exited; restarting in 1s…
npm error could not determine executable to run
npm error A complete log of this run can be found in: /Users/christophercook/.npm/_logs/2025-10-07T23_23_22_914Z-debug-0.log
Watcher exited; restarting in 1s…
npm error could not determine executable to run
npm error A complete log of this run can be found in: /Users/christophercook/.npm/_logs/2025-10-07T23_23_24_493Z-debug-0.log
Watcher exited; restarting in 1s…
npm error could not determine executable to run
npm error A complete log of this run can be found in: /Users/christophercook/.npm/_logs/2025-10-07T23_23_26_023Z-debug-0.log
Watcher exited; restarting in 1s…
npm error could not determine executable to run
npm error A complete log of this run can be found in: /Users/christophercook/.npm/_logs/2025-10-07T23_23_27_561Z-debug-0.log
Watcher exited; restarting in 1s…
npm error could not determine executable to run
npm error A complete log of this run can be found in: /Users/christophercook/.npm/_logs/2025-10-07T23_23_29_071Z-debug-0.log
Watcher exited; restarting in 1s…
npm error could not determine executable to run
npm error A complete log of this run can be found in: /Users/christophercook/.npm/_logs/2025-10-07T23_23_30_565Z-debug-0.log
Watcher exited; restarting in 1s…
npm error could not determine executable to run
npm error A complete log of this run can be found in: /Users/christophercook/.npm/_logs/2025-10-07T23_23_32_120Z-debug-0.log
Watcher exited; restarting in 1s…
npm error could not determine executable to run
npm error A complete log of this run can be found in: /Users/christophercook/.npm/_logs/2025-10-07T23_23_33_654Z-debug-0.log
Watcher exited; restarting in 1s…
npm error could not determine executable to run
npm error A complete log of this run can be found in: /Users/christophercook/.npm/_logs/2025-10-07T23_23_35_186Z-debug-0.log
Watcher exited; restarting in 1s…
npm error could not determine executable to run
npm error A complete log of this run can be found in: /Users/christophercook/.npm/_logs/2025-10-07T23_23_36_713Z-debug-0.log
Watcher exited; restarting in 1s…
npm error could not determine executable to run
npm error A complete log of this run can be found in: /Users/christophercook/.npm/_logs/2025-10-07T23_23_38_210Z-debug-0.log
Watcher exited; restarting in 1s…
npm error could not determine executable to run
npm error A complete log of this run can be found in: /Users/christophercook/.npm/_logs/2025-10-07T23_23_39_743Z-debug-0.log
Watcher exited; restarting in 1s…
npm error could not determine executable to run
npm error A complete log of this run can be found in: /Users/christophercook/.npm/_logs/2025-10-07T23_23_41_253Z-debug-0.log
Watcher exited; restarting in 1s…
npm error could not determine executable to run
npm error A complete log of this run can be found in: /Users/christophercook/.npm/_logs/2025-10-07T23_23_42_770Z-debug-0.log
Watcher exited; restarting in 1s…
npm error could not determine executable to run
npm error A complete log of this run can be found in: /Users/christophercook/.npm/_logs/2025-10-07T23_23_44_307Z-debug-0.log
Watcher exited; restarting in 1s…
npm error could not determine executable to run
npm error A complete log of this run can be found in: /Users/christophercook/.npm/_logs/2025-10-07T23_23_45_850Z-debug-0.log
Watcher exited; restarting in 1s…
npm error could not determine executable to run
npm error A complete log of this run can be found in: /Users/christophercook/.npm/_logs/2025-10-07T23_23_47_374Z-debug-0.log
Watcher exited; restarting in 1s…
npm error could not determine executable to run
npm error A complete log of this run can be found in: /Users/christophercook/.npm/_logs/2025-10-07T23_23_48_909Z-debug-0.log
Watcher exited; restarting in 1s…
npm error could not determine executable to run
npm error A complete log of this run can be found in: /Users/christophercook/.npm/_logs/2025-10-07T23_23_50_453Z-debug-0.log
Watcher exited; restarting in 1s…
npm error could not determine executable to run
npm error A complete log of this run can be found in: /Users/christophercook/.npm/_logs/2025-10-07T23_23_51_991Z-debug-0.log
Watcher exited; restarting in 1s…
npm error could not determine executable to run
npm error A complete log of this run can be found in: /Users/christophercook/.npm/_logs/2025-10-07T23_23_53_531Z-debug-0.log
Watcher exited; restarting in 1s…
npm error could not determine executable to run
npm error A complete log of this run can be found in: /Users/christophercook/.npm/_logs/2025-10-07T23_23_55_117Z-debug-0.log
Watcher exited; restarting in 1s…
npm error could not determine executable to run
npm error A complete log of this run can be found in: /Users/christophercook/.npm/_logs/2025-10-07T23_23_56_691Z-debug-0.log
Watcher exited; restarting in 1s…
npm error could not determine executable to run
npm error A complete log of this run can be found in: /Users/christophercook/.npm/_logs/2025-10-07T23_23_58_227Z-debug-0.log
Watcher exited; restarting in 1s…
npm error could not determine executable to run
npm error A complete log of this run can be found in: /Users/christophercook/.npm/_logs/2025-10-07T23_23_59_843Z-debug-0.log
Watcher exited; restarting in 1s…
npm error could not determine executable to run
npm error A complete log of this run can be found in: /Users/christophercook/.npm/_logs/2025-10-07T23_24_01_468Z-debug-0.log
Watcher exited; restarting in 1s…
npm error could not determine executable to run
npm error A complete log of this run can be found in: /Users/christophercook/.npm/_logs/2025-10-07T23_24_02_980Z-debug-0.log
Watcher exited; restarting in 1s…
npm error could not determine executable to run
npm error A complete log of this run can be found in: /Users/christophercook/.npm/_logs/2025-10-07T23_24_04_650Z-debug-0.log
Watcher exited; restarting in 1s…
npm error could not determine executable to run
npm error A complete log of this run can be found in: /Users/christophercook/.npm/_logs/2025-10-07T23_24_06_196Z-debug-0.log
Watcher exited; restarting in 1s…
npm error could not determine executable to run
npm error A complete log of this run can be found in: /Users/christophercook/.npm/_logs/2025-10-07T23_24_07_766Z-debug-0.log
Watcher exited; restarting in 1s…
npm error could not determine executable to run
npm error A complete log of this run can be found in: /Users/christophercook/.npm/_logs/2025-10-07T23_24_09_344Z-debug-0.log
Watcher exited; restarting in 1s…
npm error could not determine executable to run
npm error A complete log of this run can be found in: /Users/christophercook/.npm/_logs/2025-10-07T23_24_10_915Z-debug-0.log
Watcher exited; restarting in 1s…
npm error could not determine executable to run
npm error A complete log of this run can be found in: /Users/christophercook/.npm/_logs/2025-10-07T23_24_12_433Z-debug-0.log
Watcher exited; restarting in 1s…
npm error could not determine executable to run
npm error A complete log of this run can be found in: /Users/christophercook/.npm/_logs/2025-10-07T23_24_13_968Z-debug-0.log
Watcher exited; restarting in 1s…
npm error could not determine executable to run
npm error A complete log of this run can be found in: /Users/christophercook/.npm/_logs/2025-10-07T23_24_15_476Z-debug-0.log
Watcher exited; restarting in 1s…
npm error could not determine executable to run
npm error A complete log of this run can be found in: /Users/christophercook/.npm/_logs/2025-10-07T23_24_17_016Z-debug-0.log
Watcher exited; restarting in 1s…
npm error could not determine executable to run
npm error A complete log of this run can be found in: /Users/christophercook/.npm/_logs/2025-10-07T23_24_18_585Z-debug-0.log
Watcher exited; restarting in 1s…
npm error could not determine executable to run
npm error A complete log of this run can be found in: /Users/christophercook/.npm/_logs/2025-10-07T23_24_20_138Z-debug-0.log
Watcher exited; restarting in 1s…
npm error could not determine executable to run
npm error A complete log of this run can be found in: /Users/christophercook/.npm/_logs/2025-10-07T23_24_21_665Z-debug-0.log
Watcher exited; restarting in 1s…
npm error could not determine executable to run
npm error A complete log of this run can be found in: /Users/christophercook/.npm/_logs/2025-10-07T23_24_23_235Z-debug-0.log
Watcher exited; restarting in 1s…
npm error could not determine executable to run
npm error A complete log of this run can be found in: /Users/christophercook/.npm/_logs/2025-10-07T23_24_24_763Z-debug-0.log
Watcher exited; restarting in 1s…
npm error could not determine executable to run
npm error A complete log of this run can be found in: /Users/christophercook/.npm/_logs/2025-10-07T23_24_26_389Z-debug-0.log
Watcher exited; restarting in 1s…
npm error could not determine executable to run
npm error A complete log of this run can be found in: /Users/christophercook/.npm/_logs/2025-10-07T23_24_27_989Z-debug-0.log
Watcher exited; restarting in 1s…
npm error could not determine executable to run
npm error A complete log of this run can be found in: /Users/christophercook/.npm/_logs/2025-10-07T23_24_29_530Z-debug-0.log
Watcher exited; restarting in 1s…
npm error could not determine executable to run
npm error A complete log of this run can be found in: /Users/christophercook/.npm/_logs/2025-10-07T23_24_31_058Z-debug-0.log
Watcher exited; restarting in 1s…
npm error could not determine executable to run
npm error A complete log of this run can be found in: /Users/christophercook/.npm/_logs/2025-10-07T23_24_32_641Z-debug-0.log
Watcher exited; restarting in 1s…
npm error could not determine executable to run
npm error A complete log of this run can be found in: /Users/christophercook/.npm/_logs/2025-10-07T23_24_34_143Z-debug-0.log
Watcher exited; restarting in 1s…
npm error could not determine executable to run
npm error A complete log of this run can be found in: /Users/christophercook/.npm/_logs/2025-10-07T23_24_35_681Z-debug-0.log
Watcher exited; restarting in 1s…
npm error could not determine executable to run
npm error A complete log of this run can be found in: /Users/christophercook/.npm/_logs/2025-10-07T23_24_37_238Z-debug-0.log
Watcher exited; restarting in 1s…
npm error could not determine executable to run
npm error A complete log of this run can be found in: /Users/christophercook/.npm/_logs/2025-10-07T23_24_38_761Z-debug-0.log
Watcher exited; restarting in 1s…
npm error could not determine executable to run
npm error A complete log of this run can be found in: /Users/christophercook/.npm/_logs/2025-10-07T23_24_40_315Z-debug-0.log
Watcher exited; restarting in 1s…
npm error could not determine executable to run
npm error A complete log of this run can be found in: /Users/christophercook/.npm/_logs/2025-10-07T23_24_41_838Z-debug-0.log
Watcher exited; restarting in 1s…
npm error could not determine executable to run
npm error A complete log of this run can be found in: /Users/christophercook/.npm/_logs/2025-10-07T23_24_43_360Z-debug-0.log
Watcher exited; restarting in 1s…
npm error could not determine executable to run
npm error A complete log of this run can be found in: /Users/christophercook/.npm/_logs/2025-10-07T23_24_44_883Z-debug-0.log
Watcher exited; restarting in 1s…
npm error could not determine executable to run
npm error A complete log of this run can be found in: /Users/christophercook/.npm/_logs/2025-10-07T23_24_46_497Z-debug-0.log
Watcher exited; restarting in 1s…
npm error could not determine executable to run
npm error A complete log of this run can be found in: /Users/christophercook/.npm/_logs/2025-10-07T23_24_48_022Z-debug-0.log
Watcher exited; restarting in 1s…
npm error could not determine executable to run
npm error A complete log of this run can be found in: /Users/christophercook/.npm/_logs/2025-10-07T23_24_49_578Z-debug-0.log
Watcher exited; restarting in 1s…
npm error could not determine executable to run
npm error A complete log of this run can be found in: /Users/christophercook/.npm/_logs/2025-10-07T23_24_51_163Z-debug-0.log
Watcher exited; restarting in 1s…
npm error could not determine executable to run
npm error A complete log of this run can be found in: /Users/christophercook/.npm/_logs/2025-10-07T23_24_52_696Z-debug-0.log
Watcher exited; restarting in 1s…
npm error could not determine executable to run
npm error A complete log of this run can be found in: /Users/christophercook/.npm/_logs/2025-10-07T23_24_54_214Z-debug-0.log
Watcher exited; restarting in 1s…
npm error could not determine executable to run
npm error A complete log of this run can be found in: /Users/christophercook/.npm/_logs/2025-10-07T23_24_55_739Z-debug-0.log
Watcher exited; restarting in 1s…
npm error could not determine executable to run
npm error A complete log of this run can be found in: /Users/christophercook/.npm/_logs/2025-10-07T23_24_57_259Z-debug-0.log
Watcher exited; restarting in 1s…
npm error could not determine executable to run
npm error A complete log of this run can be found in: /Users/christophercook/.npm/_logs/2025-10-07T23_24_58_783Z-debug-0.log
Watcher exited; restarting in 1s…
npm error could not determine executable to run
npm error A complete log of this run can be found in: /Users/christophercook/.npm/_logs/2025-10-07T23_25_00_331Z-debug-0.log
Watcher exited; restarting in 1s…
npm error could not determine executable to run
npm error A complete log of this run can be found in: /Users/christophercook/.npm/_logs/2025-10-07T23_25_01_899Z-debug-0.log
Watcher exited; restarting in 1s…
npm error could not determine executable to run
npm error A complete log of this run can be found in: /Users/christophercook/.npm/_logs/2025-10-07T23_25_03_424Z-debug-0.log
Watcher exited; restarting in 1s…
npm error could not determine executable to run
npm error A complete log of this run can be found in: /Users/christophercook/.npm/_logs/2025-10-07T23_25_04_972Z-debug-0.log
Watcher exited; restarting in 1s…
npm error could not determine executable to run
npm error A complete log of this run can be found in: /Users/christophercook/.npm/_logs/2025-10-07T23_25_06_525Z-debug-0.log
Watcher exited; restarting in 1s…
npm error could not determine executable to run
npm error A complete log of this run can be found in: /Users/christophercook/.npm/_logs/2025-10-07T23_25_08_084Z-debug-0.log
Watcher exited; restarting in 1s…
npm error could not determine executable to run
npm error A complete log of this run can be found in: /Users/christophercook/.npm/_logs/2025-10-07T23_25_09_613Z-debug-0.log
Watcher exited; restarting in 1s…
npm error could not determine executable to run
npm error A complete log of this run can be found in: /Users/christophercook/.npm/_logs/2025-10-07T23_25_11_165Z-debug-0.log
Watcher exited; restarting in 1s…
npm error could not determine executable to run
npm error A complete log of this run can be found in: /Users/christophercook/.npm/_logs/2025-10-07T23_25_12_708Z-debug-0.log
Watcher exited; restarting in 1s…
npm error could not determine executable to run
npm error A complete log of this run can be found in: /Users/christophercook/.npm/_logs/2025-10-07T23_25_14_219Z-debug-0.log
Watcher exited; restarting in 1s…
npm error could not determine executable to run
npm error A complete log of this run can be found in: /Users/christophercook/.npm/_logs/2025-10-07T23_25_15_752Z-debug-0.log
Watcher exited; restarting in 1s…
npm error could not determine executable to run
npm error A complete log of this run can be found in: /Users/christophercook/.npm/_logs/2025-10-07T23_25_17_312Z-debug-0.log
Watcher exited; restarting in 1s…
npm error could not determine executable to run
npm error A complete log of this run can be found in: /Users/christophercook/.npm/_logs/2025-10-07T23_25_18_861Z-debug-0.log
Watcher exited; restarting in 1s…
npm error could not determine executable to run
npm error A complete log of this run can be found in: /Users/christophercook/.npm/_logs/2025-10-07T23_25_20_426Z-debug-0.log
Watcher exited; restarting in 1s…
npm error could not determine executable to run
npm error A complete log of this run can be found in: /Users/christophercook/.npm/_logs/2025-10-07T23_25_21_975Z-debug-0.log
Watcher exited; restarting in 1s…
npm error could not determine executable to run
npm error A complete log of this run can be found in: /Users/christophercook/.npm/_logs/2025-10-07T23_25_23_534Z-debug-0.log
Watcher exited; restarting in 1s…
npm error could not determine executable to run
npm error A complete log of this run can be found in: /Users/christophercook/.npm/_logs/2025-10-07T23_25_25_054Z-debug-0.log
Watcher exited; restarting in 1s…
npm error could not determine executable to run
npm error A complete log of this run can be found in: /Users/christophercook/.npm/_logs/2025-10-07T23_25_26_570Z-debug-0.log
Watcher exited; restarting in 1s…
npm error could not determine executable to run
npm error A complete log of this run can be found in: /Users/christophercook/.npm/_logs/2025-10-07T23_25_28_105Z-debug-0.log
Watcher exited; restarting in 1s…
npm error could not determine executable to run
npm error A complete log of this run can be found in: /Users/christophercook/.npm/_logs/2025-10-07T23_25_29_675Z-debug-0.log
Watcher exited; restarting in 1s…
npm error could not determine executable to run
npm error A complete log of this run can be found in: /Users/christophercook/.npm/_logs/2025-10-07T23_25_31_233Z-debug-0.log
Watcher exited; restarting in 1s…
npm error could not determine executable to run
npm error A complete log of this run can be found in: /Users/christophercook/.npm/_logs/2025-10-07T23_25_32_768Z-debug-0.log
Watcher exited; restarting in 1s…
npm error could not determine executable to run
npm error A complete log of this run can be found in: /Users/christophercook/.npm/_logs/2025-10-07T23_25_34_321Z-debug-0.log
Watcher exited; restarting in 1s…
npm error could not determine executable to run
npm error A complete log of this run can be found in: /Users/christophercook/.npm/_logs/2025-10-07T23_25_36_296Z-debug-0.log
Watcher exited; restarting in 1s…
npm error could not determine executable to run
npm error A complete log of this run can be found in: /Users/christophercook/.npm/_logs/2025-10-07T23_25_38_528Z-debug-0.log
Watcher exited; restarting in 1s…
npm error could not determine executable to run
npm error A complete log of this run can be found in: /Users/christophercook/.npm/_logs/2025-10-07T23_25_40_079Z-debug-0.log
Watcher exited; restarting in 1s…
npm error could not determine executable to run
npm error A complete log of this run can be found in: /Users/christophercook/.npm/_logs/2025-10-07T23_25_41_668Z-debug-0.log
Watcher exited; restarting in 1s…
npm error could not determine executable to run
npm error A complete log of this run can be found in: /Users/christophercook/.npm/_logs/2025-10-07T23_25_43_251Z-debug-0.log
Watcher exited; restarting in 1s…
npm error could not determine executable to run
npm error A complete log of this run can be found in: /Users/christophercook/.npm/_logs/2025-10-07T23_25_44_744Z-debug-0.log
Watcher exited; restarting in 1s…
npm error could not determine executable to run
npm error A complete log of this run can be found in: /Users/christophercook/.npm/_logs/2025-10-07T23_25_46_257Z-debug-0.log
Watcher exited; restarting in 1s…
npm error could not determine executable to run
npm error A complete log of this run can be found in: /Users/christophercook/.npm/_logs/2025-10-07T23_25_47_758Z-debug-0.log
Watcher exited; restarting in 1s…
npm error could not determine executable to run
npm error A complete log of this run can be found in: /Users/christophercook/.npm/_logs/2025-10-07T23_25_49_294Z-debug-0.log
Watcher exited; restarting in 1s…
npm error could not determine executable to run
npm error A complete log of this run can be found in: /Users/christophercook/.npm/_logs/2025-10-07T23_25_50_831Z-debug-0.log
Watcher exited; restarting in 1s…
npm error could not determine executable to run
npm error A complete log of this run can be found in: /Users/christophercook/.npm/_logs/2025-10-07T23_25_52_327Z-debug-0.log
Watcher exited; restarting in 1s…
npm error could not determine executable to run
npm error A complete log of this run can be found in: /Users/christophercook/.npm/_logs/2025-10-07T23_25_53_868Z-debug-0.log
Watcher exited; restarting in 1s…
npm error could not determine executable to run
npm error A complete log of this run can be found in: /Users/christophercook/.npm/_logs/2025-10-07T23_25_55_419Z-debug-0.log
Watcher exited; restarting in 1s…
npm error could not determine executable to run
npm error A complete log of this run can be found in: /Users/christophercook/.npm/_logs/2025-10-07T23_25_56_967Z-debug-0.log
Watcher exited; restarting in 1s…
npm error could not determine executable to run
npm error A complete log of this run can be found in: /Users/christophercook/.npm/_logs/2025-10-07T23_25_58_457Z-debug-0.log
Watcher exited; restarting in 1s…
npm error could not determine executable to run
npm error A complete log of this run can be found in: /Users/christophercook/.npm/_logs/2025-10-07T23_25_59_990Z-debug-0.log
Watcher exited; restarting in 1s…
npm error could not determine executable to run
npm error A complete log of this run can be found in: /Users/christophercook/.npm/_logs/2025-10-07T23_26_01_525Z-debug-0.log
Watcher exited; restarting in 1s…
npm error could not determine executable to run
npm error A complete log of this run can be found in: /Users/christophercook/.npm/_logs/2025-10-07T23_26_03_080Z-debug-0.log
Watcher exited; restarting in 1s…
npm error could not determine executable to run
npm error A complete log of this run can be found in: /Users/christophercook/.npm/_logs/2025-10-07T23_26_04_617Z-debug-0.log
Watcher exited; restarting in 1s…
npm error could not determine executable to run
npm error A complete log of this run can be found in: /Users/christophercook/.npm/_logs/2025-10-07T23_26_06_147Z-debug-0.log
Watcher exited; restarting in 1s…
npm error could not determine executable to run
npm error A complete log of this run can be found in: /Users/christophercook/.npm/_logs/2025-10-07T23_26_07_741Z-debug-0.log
Watcher exited; restarting in 1s…
npm error could not determine executable to run
npm error A complete log of this run can be found in: /Users/christophercook/.npm/_logs/2025-10-07T23_26_09_262Z-debug-0.log
Watcher exited; restarting in 1s…
npm error could not determine executable to run
npm error A complete log of this run can be found in: /Users/christophercook/.npm/_logs/2025-10-07T23_26_10_790Z-debug-0.log
Watcher exited; restarting in 1s…
npm error could not determine executable to run
npm error A complete log of this run can be found in: /Users/christophercook/.npm/_logs/2025-10-07T23_26_12_308Z-debug-0.log
Watcher exited; restarting in 1s…
npm error could not determine executable to run
npm error A complete log of this run can be found in: /Users/christophercook/.npm/_logs/2025-10-07T23_26_13_878Z-debug-0.log
Watcher exited; restarting in 1s…
npm error could not determine executable to run
npm error A complete log of this run can be found in: /Users/christophercook/.npm/_logs/2025-10-07T23_26_15_430Z-debug-0.log
Watcher exited; restarting in 1s…
npm error could not determine executable to run
npm error A complete log of this run can be found in: /Users/christophercook/.npm/_logs/2025-10-07T23_26_16_965Z-debug-0.log
Watcher exited; restarting in 1s…
npm error could not determine executable to run
npm error A complete log of this run can be found in: /Users/christophercook/.npm/_logs/2025-10-07T23_26_18_546Z-debug-0.log
Watcher exited; restarting in 1s…
npm error could not determine executable to run
npm error A complete log of this run can be found in: /Users/christophercook/.npm/_logs/2025-10-07T23_26_20_057Z-debug-0.log
Watcher exited; restarting in 1s…
npm error could not determine executable to run
npm error A complete log of this run can be found in: /Users/christophercook/.npm/_logs/2025-10-07T23_26_21_589Z-debug-0.log
Watcher exited; restarting in 1s…
npm error could not determine executable to run
npm error A complete log of this run can be found in: /Users/christophercook/.npm/_logs/2025-10-07T23_26_23_106Z-debug-0.log
Watcher exited; restarting in 1s…
npm error could not determine executable to run
npm error A complete log of this run can be found in: /Users/christophercook/.npm/_logs/2025-10-07T23_26_24_671Z-debug-0.log
Watcher exited; restarting in 1s…
npm error could not determine executable to run
npm error A complete log of this run can be found in: /Users/christophercook/.npm/_logs/2025-10-07T23_26_26_224Z-debug-0.log
Watcher exited; restarting in 1s…
npm error could not determine executable to run
npm error A complete log of this run can be found in: /Users/christophercook/.npm/_logs/2025-10-07T23_26_27_760Z-debug-0.log
Watcher exited; restarting in 1s…
npm error could not determine executable to run
npm error A complete log of this run can be found in: /Users/christophercook/.npm/_logs/2025-10-07T23_26_29_333Z-debug-0.log
Watcher exited; restarting in 1s…
npm error could not determine executable to run
npm error A complete log of this run can be found in: /Users/christophercook/.npm/_logs/2025-10-07T23_26_30_887Z-debug-0.log
Watcher exited; restarting in 1s…
npm error could not determine executable to run
npm error A complete log of this run can be found in: /Users/christophercook/.npm/_logs/2025-10-07T23_26_32_441Z-debug-0.log
Watcher exited; restarting in 1s…
npm error could not determine executable to run
npm error A complete log of this run can be found in: /Users/christophercook/.npm/_logs/2025-10-07T23_26_34_004Z-debug-0.log
Watcher exited; restarting in 1s…
npm error could not determine executable to run
npm error A complete log of this run can be found in: /Users/christophercook/.npm/_logs/2025-10-07T23_26_35_536Z-debug-0.log
Watcher exited; restarting in 1s…
npm error could not determine executable to run
npm error A complete log of this run can be found in: /Users/christophercook/.npm/_logs/2025-10-07T23_26_37_065Z-debug-0.log
Watcher exited; restarting in 1s…
npm error could not determine executable to run
npm error A complete log of this run can be found in: /Users/christophercook/.npm/_logs/2025-10-07T23_26_38_571Z-debug-0.log
Watcher exited; restarting in 1s…
npm error could not determine executable to run
npm error A complete log of this run can be found in: /Users/christophercook/.npm/_logs/2025-10-07T23_26_40_154Z-debug-0.log
Watcher exited; restarting in 1s…
npm error could not determine executable to run
npm error A complete log of this run can be found in: /Users/christophercook/.npm/_logs/2025-10-07T23_26_41_771Z-debug-0.log
Watcher exited; restarting in 1s…
npm error could not determine executable to run
npm error A complete log of this run can be found in: /Users/christophercook/.npm/_logs/2025-10-07T23_26_43_292Z-debug-0.log
Watcher exited; restarting in 1s…
npm error could not determine executable to run
npm error A complete log of this run can be found in: /Users/christophercook/.npm/_logs/2025-10-07T23_26_44_819Z-debug-0.log
Watcher exited; restarting in 1s…
npm error could not determine executable to run
npm error A complete log of this run can be found in: /Users/christophercook/.npm/_logs/2025-10-07T23_26_46_397Z-debug-0.log
Watcher exited; restarting in 1s…
npm error could not determine executable to run
npm error A complete log of this run can be found in: /Users/christophercook/.npm/_logs/2025-10-07T23_26_47_955Z-debug-0.log
Watcher exited; restarting in 1s…
npm error could not determine executable to run
npm error A complete log of this run can be found in: /Users/christophercook/.npm/_logs/2025-10-07T23_26_49_495Z-debug-0.log
Watcher exited; restarting in 1s…
npm error could not determine executable to run
npm error A complete log of this run can be found in: /Users/christophercook/.npm/_logs/2025-10-07T23_26_51_065Z-debug-0.log
Watcher exited; restarting in 1s…
npm error could not determine executable to run
npm error A complete log of this run can be found in: /Users/christophercook/.npm/_logs/2025-10-07T23_26_52_607Z-debug-0.log
Watcher exited; restarting in 1s…
npm error could not determine executable to run
npm error A complete log of this run can be found in: /Users/christophercook/.npm/_logs/2025-10-07T23_26_54_158Z-debug-0.log
Watcher exited; restarting in 1s…
npm error could not determine executable to run
npm error A complete log of this run can be found in: /Users/christophercook/.npm/_logs/2025-10-07T23_26_55_684Z-debug-0.log
Watcher exited; restarting in 1s…
npm error could not determine executable to run
npm error A complete log of this run can be found in: /Users/christophercook/.npm/_logs/2025-10-07T23_26_57_228Z-debug-0.log
Watcher exited; restarting in 1s…
npm error could not determine executable to run
npm error A complete log of this run can be found in: /Users/christophercook/.npm/_logs/2025-10-07T23_26_58_771Z-debug-0.log
Watcher exited; restarting in 1s…
npm error could not determine executable to run
npm error A complete log of this run can be found in: /Users/christophercook/.npm/_logs/2025-10-07T23_27_00_322Z-debug-0.log
Watcher exited; restarting in 1s…
npm error could not determine executable to run
npm error A complete log of this run can be found in: /Users/christophercook/.npm/_logs/2025-10-07T23_27_01_875Z-debug-0.log
Watcher exited; restarting in 1s…
npm error could not determine executable to run
npm error A complete log of this run can be found in: /Users/christophercook/.npm/_logs/2025-10-07T23_27_03_402Z-debug-0.log
Watcher exited; restarting in 1s…
npm error could not determine executable to run
npm error A complete log of this run can be found in: /Users/christophercook/.npm/_logs/2025-10-07T23_27_04_937Z-debug-0.log
Watcher exited; restarting in 1s…
npm error could not determine executable to run
npm error A complete log of this run can be found in: /Users/christophercook/.npm/_logs/2025-10-07T23_27_06_476Z-debug-0.log
Watcher exited; restarting in 1s…
npm error could not determine executable to run
npm error A complete log of this run can be found in: /Users/christophercook/.npm/_logs/2025-10-07T23_27_08_023Z-debug-0.log
Watcher exited; restarting in 1s…
npm error could not determine executable to run
npm error A complete log of this run can be found in: /Users/christophercook/.npm/_logs/2025-10-07T23_27_09_575Z-debug-0.log
Watcher exited; restarting in 1s…
npm error could not determine executable to run
npm error A complete log of this run can be found in: /Users/christophercook/.npm/_logs/2025-10-07T23_27_11_112Z-debug-0.log
Watcher exited; restarting in 1s…
npm error could not determine executable to run
npm error A complete log of this run can be found in: /Users/christophercook/.npm/_logs/2025-10-07T23_27_12_676Z-debug-0.log
Watcher exited; restarting in 1s…
npm error could not determine executable to run
npm error A complete log of this run can be found in: /Users/christophercook/.npm/_logs/2025-10-07T23_27_14_220Z-debug-0.log
Watcher exited; restarting in 1s…
npm error could not determine executable to run
npm error A complete log of this run can be found in: /Users/christophercook/.npm/_logs/2025-10-07T23_27_15_789Z-debug-0.log
Watcher exited; restarting in 1s…
npm error could not determine executable to run
npm error A complete log of this run can be found in: /Users/christophercook/.npm/_logs/2025-10-07T23_27_17_311Z-debug-0.log
Watcher exited; restarting in 1s…
npm error could not determine executable to run
npm error A complete log of this run can be found in: /Users/christophercook/.npm/_logs/2025-10-07T23_27_18_824Z-debug-0.log
Watcher exited; restarting in 1s…
npm error could not determine executable to run
npm error A complete log of this run can be found in: /Users/christophercook/.npm/_logs/2025-10-07T23_27_20_348Z-debug-0.log
Watcher exited; restarting in 1s…
npm error could not determine executable to run
npm error A complete log of this run can be found in: /Users/christophercook/.npm/_logs/2025-10-07T23_27_21_912Z-debug-0.log
Watcher exited; restarting in 1s…
npm error could not determine executable to run
npm error A complete log of this run can be found in: /Users/christophercook/.npm/_logs/2025-10-07T23_27_23_438Z-debug-0.log
Watcher exited; restarting in 1s…
npm error could not determine executable to run
npm error A complete log of this run can be found in: /Users/christophercook/.npm/_logs/2025-10-07T23_27_24_969Z-debug-0.log
Watcher exited; restarting in 1s…
npm error could not determine executable to run
npm error A complete log of this run can be found in: /Users/christophercook/.npm/_logs/2025-10-07T23_27_26_501Z-debug-0.log
Watcher exited; restarting in 1s…
npm error could not determine executable to run
npm error A complete log of this run can be found in: /Users/christophercook/.npm/_logs/2025-10-07T23_27_28_041Z-debug-0.log
Watcher exited; restarting in 1s…
npm error could not determine executable to run
npm error A complete log of this run can be found in: /Users/christophercook/.npm/_logs/2025-10-07T23_27_29_555Z-debug-0.log
Watcher exited; restarting in 1s…
npm error could not determine executable to run
npm error A complete log of this run can be found in: /Users/christophercook/.npm/_logs/2025-10-07T23_27_31_092Z-debug-0.log
Watcher exited; restarting in 1s…
npm error could not determine executable to run
npm error A complete log of this run can be found in: /Users/christophercook/.npm/_logs/2025-10-07T23_27_32_627Z-debug-0.log
Watcher exited; restarting in 1s…
npm error could not determine executable to run
npm error A complete log of this run can be found in: /Users/christophercook/.npm/_logs/2025-10-07T23_27_34_219Z-debug-0.log
Watcher exited; restarting in 1s…
npm error could not determine executable to run
npm error A complete log of this run can be found in: /Users/christophercook/.npm/_logs/2025-10-07T23_27_35_772Z-debug-0.log
Watcher exited; restarting in 1s…
npm error could not determine executable to run
npm error A complete log of this run can be found in: /Users/christophercook/.npm/_logs/2025-10-07T23_27_37_298Z-debug-0.log
Watcher exited; restarting in 1s…
npm error could not determine executable to run
npm error A complete log of this run can be found in: /Users/christophercook/.npm/_logs/2025-10-07T23_27_38_822Z-debug-0.log
Watcher exited; restarting in 1s…
npm error could not determine executable to run
npm error A complete log of this run can be found in: /Users/christophercook/.npm/_logs/2025-10-07T23_27_40_378Z-debug-0.log
Watcher exited; restarting in 1s…
npm error could not determine executable to run
npm error A complete log of this run can be found in: /Users/christophercook/.npm/_logs/2025-10-07T23_27_41_949Z-debug-0.log
Watcher exited; restarting in 1s…
npm error could not determine executable to run
npm error A complete log of this run can be found in: /Users/christophercook/.npm/_logs/2025-10-07T23_27_43_485Z-debug-0.log
Watcher exited; restarting in 1s…
npm error could not determine executable to run
npm error A complete log of this run can be found in: /Users/christophercook/.npm/_logs/2025-10-07T23_27_45_044Z-debug-0.log
Watcher exited; restarting in 1s…
npm error could not determine executable to run
npm error A complete log of this run can be found in: /Users/christophercook/.npm/_logs/2025-10-07T23_27_46_588Z-debug-0.log
Watcher exited; restarting in 1s…
npm error could not determine executable to run
npm error A complete log of this run can be found in: /Users/christophercook/.npm/_logs/2025-10-07T23_27_48_138Z-debug-0.log
Watcher exited; restarting in 1s…
npm error could not determine executable to run
npm error A complete log of this run can be found in: /Users/christophercook/.npm/_logs/2025-10-07T23_27_49_754Z-debug-0.log
Watcher exited; restarting in 1s…
npm error could not determine executable to run
npm error A complete log of this run can be found in: /Users/christophercook/.npm/_logs/2025-10-07T23_27_51_298Z-debug-0.log
Watcher exited; restarting in 1s…
npm error could not determine executable to run
npm error A complete log of this run can be found in: /Users/christophercook/.npm/_logs/2025-10-07T23_27_52_818Z-debug-0.log
Watcher exited; restarting in 1s…
npm error could not determine executable to run
npm error A complete log of this run can be found in: /Users/christophercook/.npm/_logs/2025-10-07T23_27_54_309Z-debug-0.log
Watcher exited; restarting in 1s…
npm error could not determine executable to run
npm error A complete log of this run can be found in: /Users/christophercook/.npm/_logs/2025-10-07T23_27_55_893Z-debug-0.log
Watcher exited; restarting in 1s…
npm error could not determine executable to run
npm error A complete log of this run can be found in: /Users/christophercook/.npm/_logs/2025-10-07T23_27_57_423Z-debug-0.log
Watcher exited; restarting in 1s…
npm error could not determine executable to run
npm error A complete log of this run can be found in: /Users/christophercook/.npm/_logs/2025-10-07T23_27_58_990Z-debug-0.log
Watcher exited; restarting in 1s…
npm error could not determine executable to run
npm error A complete log of this run can be found in: /Users/christophercook/.npm/_logs/2025-10-07T23_28_00_545Z-debug-0.log
Watcher exited; restarting in 1s…
npm error could not determine executable to run
npm error A complete log of this run can be found in: /Users/christophercook/.npm/_logs/2025-10-07T23_28_02_095Z-debug-0.log
Watcher exited; restarting in 1s…
npm error could not determine executable to run
npm error A complete log of this run can be found in: /Users/christophercook/.npm/_logs/2025-10-07T23_28_03_669Z-debug-0.log
Watcher exited; restarting in 1s…
npm error could not determine executable to run
npm error A complete log of this run can be found in: /Users/christophercook/.npm/_logs/2025-10-07T23_28_05_258Z-debug-0.log
Watcher exited; restarting in 1s…
npm error could not determine executable to run
npm error A complete log of this run can be found in: /Users/christophercook/.npm/_logs/2025-10-07T23_28_06_789Z-debug-0.log
Watcher exited; restarting in 1s…
npm error could not determine executable to run
npm error A complete log of this run can be found in: /Users/christophercook/.npm/_logs/2025-10-07T23_28_08_330Z-debug-0.log
Watcher exited; restarting in 1s…
npm error could not determine executable to run
npm error A complete log of this run can be found in: /Users/christophercook/.npm/_logs/2025-10-07T23_28_09_876Z-debug-0.log
Watcher exited; restarting in 1s…
npm error could not determine executable to run
npm error A complete log of this run can be found in: /Users/christophercook/.npm/_logs/2025-10-07T23_28_11_443Z-debug-0.log
Watcher exited; restarting in 1s…
npm error could not determine executable to run
npm error A complete log of this run can be found in: /Users/christophercook/.npm/_logs/2025-10-07T23_28_13_013Z-debug-0.log
Watcher exited; restarting in 1s…
npm error could not determine executable to run
npm error A complete log of this run can be found in: /Users/christophercook/.npm/_logs/2025-10-07T23_28_14_576Z-debug-0.log
Watcher exited; restarting in 1s…
npm error could not determine executable to run
npm error A complete log of this run can be found in: /Users/christophercook/.npm/_logs/2025-10-07T23_28_16_122Z-debug-0.log
Watcher exited; restarting in 1s…
npm error could not determine executable to run
npm error A complete log of this run can be found in: /Users/christophercook/.npm/_logs/2025-10-07T23_28_17_673Z-debug-0.log
Watcher exited; restarting in 1s…
npm error could not determine executable to run
npm error A complete log of this run can be found in: /Users/christophercook/.npm/_logs/2025-10-07T23_28_19_241Z-debug-0.log
Watcher exited; restarting in 1s…
npm error could not determine executable to run
npm error A complete log of this run can be found in: /Users/christophercook/.npm/_logs/2025-10-07T23_28_20_766Z-debug-0.log
Watcher exited; restarting in 1s…
npm error could not determine executable to run
npm error A complete log of this run can be found in: /Users/christophercook/.npm/_logs/2025-10-07T23_28_22_358Z-debug-0.log
Watcher exited; restarting in 1s…
npm error could not determine executable to run
npm error A complete log of this run can be found in: /Users/christophercook/.npm/_logs/2025-10-07T23_28_25_133Z-debug-0.log
Watcher exited; restarting in 1s…
npm error could not determine executable to run
npm error A complete log of this run can be found in: /Users/christophercook/.npm/_logs/2025-10-07T23_28_26_741Z-debug-0.log
Watcher exited; restarting in 1s…
npm error could not determine executable to run
npm error A complete log of this run can be found in: /Users/christophercook/.npm/_logs/2025-10-07T23_28_28_253Z-debug-0.log
Watcher exited; restarting in 1s…
npm error could not determine executable to run
npm error A complete log of this run can be found in: /Users/christophercook/.npm/_logs/2025-10-07T23_28_29_786Z-debug-0.log
Watcher exited; restarting in 1s…
npm error could not determine executable to run
npm error A complete log of this run can be found in: /Users/christophercook/.npm/_logs/2025-10-07T23_28_31_336Z-debug-0.log
Watcher exited; restarting in 1s…
npm error could not determine executable to run
npm error A complete log of this run can be found in: /Users/christophercook/.npm/_logs/2025-10-07T23_28_32_887Z-debug-0.log
Watcher exited; restarting in 1s…
npm error could not determine executable to run
npm error A complete log of this run can be found in: /Users/christophercook/.npm/_logs/2025-10-07T23_28_34_429Z-debug-0.log
Watcher exited; restarting in 1s…
npm error could not determine executable to run
npm error A complete log of this run can be found in: /Users/christophercook/.npm/_logs/2025-10-07T23_28_35_977Z-debug-0.log
Watcher exited; restarting in 1s…
npm error could not determine executable to run
npm error A complete log of this run can be found in: /Users/christophercook/.npm/_logs/2025-10-07T23_28_37_516Z-debug-0.log
Watcher exited; restarting in 1s…
npm error could not determine executable to run
npm error A complete log of this run can be found in: /Users/christophercook/.npm/_logs/2025-10-07T23_28_39_036Z-debug-0.log
Watcher exited; restarting in 1s…
npm error could not determine executable to run
npm error A complete log of this run can be found in: /Users/christophercook/.npm/_logs/2025-10-07T23_28_40_563Z-debug-0.log
Watcher exited; restarting in 1s…
npm error could not determine executable to run
npm error A complete log of this run can be found in: /Users/christophercook/.npm/_logs/2025-10-07T23_28_42_106Z-debug-0.log
Watcher exited; restarting in 1s…
npm error could not determine executable to run
npm error A complete log of this run can be found in: /Users/christophercook/.npm/_logs/2025-10-07T23_28_43_656Z-debug-0.log
Watcher exited; restarting in 1s…
npm error could not determine executable to run
npm error A complete log of this run can be found in: /Users/christophercook/.npm/_logs/2025-10-07T23_28_45_173Z-debug-0.log
Watcher exited; restarting in 1s…
npm error could not determine executable to run
npm error A complete log of this run can be found in: /Users/christophercook/.npm/_logs/2025-10-07T23_28_46_683Z-debug-0.log
Watcher exited; restarting in 1s…
npm error could not determine executable to run
npm error A complete log of this run can be found in: /Users/christophercook/.npm/_logs/2025-10-07T23_28_48_185Z-debug-0.log
Watcher exited; restarting in 1s…
npm error could not determine executable to run
npm error A complete log of this run can be found in: /Users/christophercook/.npm/_logs/2025-10-07T23_28_49_696Z-debug-0.log
Watcher exited; restarting in 1s…
npm error could not determine executable to run
npm error A complete log of this run can be found in: /Users/christophercook/.npm/_logs/2025-10-07T23_28_51_231Z-debug-0.log
Watcher exited; restarting in 1s…
npm error could not determine executable to run
npm error A complete log of this run can be found in: /Users/christophercook/.npm/_logs/2025-10-07T23_28_52_794Z-debug-0.log
Watcher exited; restarting in 1s…
npm error could not determine executable to run
npm error A complete log of this run can be found in: /Users/christophercook/.npm/_logs/2025-10-07T23_28_54_430Z-debug-0.log
Watcher exited; restarting in 1s…
npm error could not determine executable to run
npm error A complete log of this run can be found in: /Users/christophercook/.npm/_logs/2025-10-07T23_28_55_960Z-debug-0.log
Watcher exited; restarting in 1s…
npm error could not determine executable to run
npm error A complete log of this run can be found in: /Users/christophercook/.npm/_logs/2025-10-07T23_28_57_536Z-debug-0.log
Watcher exited; restarting in 1s…
npm error could not determine executable to run
npm error A complete log of this run can be found in: /Users/christophercook/.npm/_logs/2025-10-07T23_28_59_082Z-debug-0.log
Watcher exited; restarting in 1s…
npm error could not determine executable to run
npm error A complete log of this run can be found in: /Users/christophercook/.npm/_logs/2025-10-07T23_29_00_598Z-debug-0.log
Watcher exited; restarting in 1s…
npm error could not determine executable to run
npm error A complete log of this run can be found in: /Users/christophercook/.npm/_logs/2025-10-07T23_29_02_143Z-debug-0.log
Watcher exited; restarting in 1s…
npm error could not determine executable to run
npm error A complete log of this run can be found in: /Users/christophercook/.npm/_logs/2025-10-07T23_29_04_248Z-debug-0.log
Watcher exited; restarting in 1s…
npm error could not determine executable to run
npm error A complete log of this run can be found in: /Users/christophercook/.npm/_logs/2025-10-07T23_29_06_395Z-debug-0.log
Watcher exited; restarting in 1s…
npm error could not determine executable to run
npm error A complete log of this run can be found in: /Users/christophercook/.npm/_logs/2025-10-07T23_29_08_292Z-debug-0.log
Watcher exited; restarting in 1s…
npm error could not determine executable to run
npm error A complete log of this run can be found in: /Users/christophercook/.npm/_logs/2025-10-07T23_29_09_976Z-debug-0.log
Watcher exited; restarting in 1s…
npm error could not determine executable to run
npm error A complete log of this run can be found in: /Users/christophercook/.npm/_logs/2025-10-07T23_29_11_591Z-debug-0.log
Watcher exited; restarting in 1s…
npm error could not determine executable to run
npm error A complete log of this run can be found in: /Users/christophercook/.npm/_logs/2025-10-07T23_29_13_234Z-debug-0.log
Watcher exited; restarting in 1s…
npm error could not determine executable to run
npm error A complete log of this run can be found in: /Users/christophercook/.npm/_logs/2025-10-07T23_29_14_882Z-debug-0.log
Watcher exited; restarting in 1s…
npm error could not determine executable to run
npm error A complete log of this run can be found in: /Users/christophercook/.npm/_logs/2025-10-07T23_29_16_580Z-debug-0.log
Watcher exited; restarting in 1s…
npm error could not determine executable to run
npm error A complete log of this run can be found in: /Users/christophercook/.npm/_logs/2025-10-07T23_29_18_229Z-debug-0.log
Watcher exited; restarting in 1s…
npm error could not determine executable to run
npm error A complete log of this run can be found in: /Users/christophercook/.npm/_logs/2025-10-07T23_29_19_783Z-debug-0.log
Watcher exited; restarting in 1s…
npm error could not determine executable to run
npm error A complete log of this run can be found in: /Users/christophercook/.npm/_logs/2025-10-07T23_29_21_449Z-debug-0.log
Watcher exited; restarting in 1s…
npm error could not determine executable to run
npm error A complete log of this run can be found in: /Users/christophercook/.npm/_logs/2025-10-07T23_29_23_116Z-debug-0.log
Watcher exited; restarting in 1s…
npm error could not determine executable to run
npm error A complete log of this run can be found in: /Users/christophercook/.npm/_logs/2025-10-07T23_29_24_717Z-debug-0.log
Watcher exited; restarting in 1s…
npm error could not determine executable to run
npm error A complete log of this run can be found in: /Users/christophercook/.npm/_logs/2025-10-07T23_29_26_222Z-debug-0.log
Watcher exited; restarting in 1s…
npm error could not determine executable to run
npm error A complete log of this run can be found in: /Users/christophercook/.npm/_logs/2025-10-07T23_29_27_815Z-debug-0.log
Watcher exited; restarting in 1s…
npm error could not determine executable to run
npm error A complete log of this run can be found in: /Users/christophercook/.npm/_logs/2025-10-07T23_29_29_400Z-debug-0.log
Watcher exited; restarting in 1s…
npm error could not determine executable to run
npm error A complete log of this run can be found in: /Users/christophercook/.npm/_logs/2025-10-07T23_29_30_973Z-debug-0.log
Watcher exited; restarting in 1s…
npm error could not determine executable to run
npm error A complete log of this run can be found in: /Users/christophercook/.npm/_logs/2025-10-07T23_29_32_533Z-debug-0.log
Watcher exited; restarting in 1s…
npm error could not determine executable to run
npm error A complete log of this run can be found in: /Users/christophercook/.npm/_logs/2025-10-07T23_29_34_146Z-debug-0.log
Watcher exited; restarting in 1s…
npm error could not determine executable to run
npm error A complete log of this run can be found in: /Users/christophercook/.npm/_logs/2025-10-07T23_29_35_757Z-debug-0.log
Watcher exited; restarting in 1s…
npm error could not determine executable to run
npm error A complete log of this run can be found in: /Users/christophercook/.npm/_logs/2025-10-07T23_29_37_285Z-debug-0.log
Watcher exited; restarting in 1s…
npm error could not determine executable to run
npm error A complete log of this run can be found in: /Users/christophercook/.npm/_logs/2025-10-07T23_29_38_853Z-debug-0.log
Watcher exited; restarting in 1s…
npm error could not determine executable to run
npm error A complete log of this run can be found in: /Users/christophercook/.npm/_logs/2025-10-07T23_29_40_437Z-debug-0.log
Watcher exited; restarting in 1s…
npm error could not determine executable to run
npm error A complete log of this run can be found in: /Users/christophercook/.npm/_logs/2025-10-07T23_29_42_000Z-debug-0.log
Watcher exited; restarting in 1s…
npm error could not determine executable to run
npm error A complete log of this run can be found in: /Users/christophercook/.npm/_logs/2025-10-07T23_29_43_580Z-debug-0.log
Watcher exited; restarting in 1s…
npm error could not determine executable to run
npm error A complete log of this run can be found in: /Users/christophercook/.npm/_logs/2025-10-07T23_29_45_139Z-debug-0.log
Watcher exited; restarting in 1s…
npm error could not determine executable to run
npm error A complete log of this run can be found in: /Users/christophercook/.npm/_logs/2025-10-07T23_29_46_715Z-debug-0.log
Watcher exited; restarting in 1s…
npm error could not determine executable to run
npm error A complete log of this run can be found in: /Users/christophercook/.npm/_logs/2025-10-07T23_29_48_297Z-debug-0.log
Watcher exited; restarting in 1s…
npm error could not determine executable to run
npm error A complete log of this run can be found in: /Users/christophercook/.npm/_logs/2025-10-07T23_29_49_865Z-debug-0.log
Watcher exited; restarting in 1s…
npm error could not determine executable to run
npm error A complete log of this run can be found in: /Users/christophercook/.npm/_logs/2025-10-07T23_29_51_409Z-debug-0.log
Watcher exited; restarting in 1s…
npm error could not determine executable to run
npm error A complete log of this run can be found in: /Users/christophercook/.npm/_logs/2025-10-07T23_29_53_034Z-debug-0.log
Watcher exited; restarting in 1s…
npm error could not determine executable to run
npm error A complete log of this run can be found in: /Users/christophercook/.npm/_logs/2025-10-07T23_29_54_630Z-debug-0.log
Watcher exited; restarting in 1s…
npm error could not determine executable to run
npm error A complete log of this run can be found in: /Users/christophercook/.npm/_logs/2025-10-07T23_29_56_136Z-debug-0.log
Watcher exited; restarting in 1s…
npm error could not determine executable to run
npm error A complete log of this run can be found in: /Users/christophercook/.npm/_logs/2025-10-07T23_29_57_733Z-debug-0.log
Watcher exited; restarting in 1s…
npm error could not determine executable to run
npm error A complete log of this run can be found in: /Users/christophercook/.npm/_logs/2025-10-07T23_29_59_287Z-debug-0.log
Watcher exited; restarting in 1s…
npm error could not determine executable to run
npm error A complete log of this run can be found in: /Users/christophercook/.npm/_logs/2025-10-07T23_30_00_851Z-debug-0.log
Watcher exited; restarting in 1s…
npm error could not determine executable to run
npm error A complete log of this run can be found in: /Users/christophercook/.npm/_logs/2025-10-07T23_30_02_431Z-debug-0.log
Watcher exited; restarting in 1s…
npm error could not determine executable to run
npm error A complete log of this run can be found in: /Users/christophercook/.npm/_logs/2025-10-07T23_30_04_564Z-debug-0.log
Watcher exited; restarting in 1s…
npm error could not determine executable to run
npm error A complete log of this run can be found in: /Users/christophercook/.npm/_logs/2025-10-07T23_30_06_117Z-debug-0.log
Watcher exited; restarting in 1s…
npm error could not determine executable to run
npm error A complete log of this run can be found in: /Users/christophercook/.npm/_logs/2025-10-07T23_30_07_699Z-debug-0.log
Watcher exited; restarting in 1s…
npm error could not determine executable to run
npm error A complete log of this run can be found in: /Users/christophercook/.npm/_logs/2025-10-07T23_30_09_261Z-debug-0.log
Watcher exited; restarting in 1s…
npm error could not determine executable to run
npm error A complete log of this run can be found in: /Users/christophercook/.npm/_logs/2025-10-07T23_30_10_869Z-debug-0.log
Watcher exited; restarting in 1s…
npm error could not determine executable to run
npm error A complete log of this run can be found in: /Users/christophercook/.npm/_logs/2025-10-07T23_30_12_442Z-debug-0.log
Watcher exited; restarting in 1s…
npm error could not determine executable to run
npm error A complete log of this run can be found in: /Users/christophercook/.npm/_logs/2025-10-07T23_30_13_992Z-debug-0.log
Watcher exited; restarting in 1s…
npm error could not determine executable to run
npm error A complete log of this run can be found in: /Users/christophercook/.npm/_logs/2025-10-07T23_30_15_519Z-debug-0.log
Watcher exited; restarting in 1s…
npm error could not determine executable to run
npm error A complete log of this run can be found in: /Users/christophercook/.npm/_logs/2025-10-07T23_30_17_066Z-debug-0.log
Watcher exited; restarting in 1s…
npm error could not determine executable to run
npm error A complete log of this run can be found in: /Users/christophercook/.npm/_logs/2025-10-07T23_30_18_626Z-debug-0.log
Watcher exited; restarting in 1s…
npm error could not determine executable to run
npm error A complete log of this run can be found in: /Users/christophercook/.npm/_logs/2025-10-07T23_30_20_215Z-debug-0.log
Watcher exited; restarting in 1s…
npm error could not determine executable to run
npm error A complete log of this run can be found in: /Users/christophercook/.npm/_logs/2025-10-07T23_30_21_760Z-debug-0.log
Watcher exited; restarting in 1s…
npm error could not determine executable to run
npm error A complete log of this run can be found in: /Users/christophercook/.npm/_logs/2025-10-07T23_30_23_311Z-debug-0.log
Watcher exited; restarting in 1s…
npm error could not determine executable to run
npm error A complete log of this run can be found in: /Users/christophercook/.npm/_logs/2025-10-07T23_30_24_848Z-debug-0.log
Watcher exited; restarting in 1s…
npm error could not determine executable to run
npm error A complete log of this run can be found in: /Users/christophercook/.npm/_logs/2025-10-07T23_30_26_387Z-debug-0.log
Watcher exited; restarting in 1s…
npm error could not determine executable to run
npm error A complete log of this run can be found in: /Users/christophercook/.npm/_logs/2025-10-07T23_30_27_936Z-debug-0.log
Watcher exited; restarting in 1s…
npm error could not determine executable to run
npm error A complete log of this run can be found in: /Users/christophercook/.npm/_logs/2025-10-07T23_30_29_580Z-debug-0.log
Watcher exited; restarting in 1s…
npm error could not determine executable to run
npm error A complete log of this run can be found in: /Users/christophercook/.npm/_logs/2025-10-07T23_30_31_103Z-debug-0.log
Watcher exited; restarting in 1s…
npm error could not determine executable to run
npm error A complete log of this run can be found in: /Users/christophercook/.npm/_logs/2025-10-07T23_30_32_666Z-debug-0.log
Watcher exited; restarting in 1s…
npm error could not determine executable to run
npm error A complete log of this run can be found in: /Users/christophercook/.npm/_logs/2025-10-07T23_30_34_198Z-debug-0.log
Watcher exited; restarting in 1s…
npm error could not determine executable to run
npm error A complete log of this run can be found in: /Users/christophercook/.npm/_logs/2025-10-07T23_30_35_733Z-debug-0.log
Watcher exited; restarting in 1s…
npm error could not determine executable to run
npm error A complete log of this run can be found in: /Users/christophercook/.npm/_logs/2025-10-07T23_30_37_271Z-debug-0.log
Watcher exited; restarting in 1s…
npm error could not determine executable to run
npm error A complete log of this run can be found in: /Users/christophercook/.npm/_logs/2025-10-07T23_30_38_816Z-debug-0.log
Watcher exited; restarting in 1s…
npm error could not determine executable to run
npm error A complete log of this run can be found in: /Users/christophercook/.npm/_logs/2025-10-07T23_30_40_375Z-debug-0.log
Watcher exited; restarting in 1s…
npm error could not determine executable to run
npm error A complete log of this run can be found in: /Users/christophercook/.npm/_logs/2025-10-07T23_30_41_913Z-debug-0.log
Watcher exited; restarting in 1s…
npm error could not determine executable to run
npm error A complete log of this run can be found in: /Users/christophercook/.npm/_logs/2025-10-07T23_30_43_474Z-debug-0.log
Watcher exited; restarting in 1s…
npm error could not determine executable to run
npm error A complete log of this run can be found in: /Users/christophercook/.npm/_logs/2025-10-07T23_30_45_051Z-debug-0.log
Watcher exited; restarting in 1s…
npm error could not determine executable to run
npm error A complete log of this run can be found in: /Users/christophercook/.npm/_logs/2025-10-07T23_30_46_620Z-debug-0.log
Watcher exited; restarting in 1s…
npm error could not determine executable to run
npm error A complete log of this run can be found in: /Users/christophercook/.npm/_logs/2025-10-07T23_30_48_166Z-debug-0.log
Watcher exited; restarting in 1s…
npm error could not determine executable to run
npm error A complete log of this run can be found in: /Users/christophercook/.npm/_logs/2025-10-07T23_30_49_665Z-debug-0.log
Watcher exited; restarting in 1s…
npm error could not determine executable to run
npm error A complete log of this run can be found in: /Users/christophercook/.npm/_logs/2025-10-07T23_30_51_236Z-debug-0.log
Watcher exited; restarting in 1s…
npm error could not determine executable to run
npm error A complete log of this run can be found in: /Users/christophercook/.npm/_logs/2025-10-07T23_30_52_844Z-debug-0.log
Watcher exited; restarting in 1s…
npm error could not determine executable to run
npm error A complete log of this run can be found in: /Users/christophercook/.npm/_logs/2025-10-07T23_30_54_403Z-debug-0.log
Watcher exited; restarting in 1s…
npm error could not determine executable to run
npm error A complete log of this run can be found in: /Users/christophercook/.npm/_logs/2025-10-07T23_30_55_961Z-debug-0.log
Watcher exited; restarting in 1s…
npm error could not determine executable to run
npm error A complete log of this run can be found in: /Users/christophercook/.npm/_logs/2025-10-07T23_30_57_530Z-debug-0.log
Watcher exited; restarting in 1s…
npm error could not determine executable to run
npm error A complete log of this run can be found in: /Users/christophercook/.npm/_logs/2025-10-07T23_30_59_076Z-debug-0.log
Watcher exited; restarting in 1s…
npm error could not determine executable to run
npm error A complete log of this run can be found in: /Users/christophercook/.npm/_logs/2025-10-07T23_31_00_622Z-debug-0.log
Watcher exited; restarting in 1s…
npm error could not determine executable to run
npm error A complete log of this run can be found in: /Users/christophercook/.npm/_logs/2025-10-07T23_31_02_176Z-debug-0.log
Watcher exited; restarting in 1s…
npm error could not determine executable to run
npm error A complete log of this run can be found in: /Users/christophercook/.npm/_logs/2025-10-07T23_31_03_766Z-debug-0.log
Watcher exited; restarting in 1s…
npm error could not determine executable to run
npm error A complete log of this run can be found in: /Users/christophercook/.npm/_logs/2025-10-07T23_31_05_299Z-debug-0.log
Watcher exited; restarting in 1s…
npm error could not determine executable to run
npm error A complete log of this run can be found in: /Users/christophercook/.npm/_logs/2025-10-07T23_31_06_841Z-debug-0.log
Watcher exited; restarting in 1s…
npm error could not determine executable to run
npm error A complete log of this run can be found in: /Users/christophercook/.npm/_logs/2025-10-07T23_31_08_401Z-debug-0.log
Watcher exited; restarting in 1s…
npm error could not determine executable to run
npm error A complete log of this run can be found in: /Users/christophercook/.npm/_logs/2025-10-07T23_31_09_955Z-debug-0.log
Watcher exited; restarting in 1s…
npm error could not determine executable to run
npm error A complete log of this run can be found in: /Users/christophercook/.npm/_logs/2025-10-07T23_31_11_470Z-debug-0.log
Watcher exited; restarting in 1s…
npm error could not determine executable to run
npm error A complete log of this run can be found in: /Users/christophercook/.npm/_logs/2025-10-07T23_31_13_075Z-debug-0.log
Watcher exited; restarting in 1s…
npm error could not determine executable to run
npm error A complete log of this run can be found in: /Users/christophercook/.npm/_logs/2025-10-07T23_31_14_673Z-debug-0.log
Watcher exited; restarting in 1s…
npm error could not determine executable to run
npm error A complete log of this run can be found in: /Users/christophercook/.npm/_logs/2025-10-07T23_31_16_191Z-debug-0.log
Watcher exited; restarting in 1s…
npm error could not determine executable to run
npm error A complete log of this run can be found in: /Users/christophercook/.npm/_logs/2025-10-07T23_31_17_759Z-debug-0.log
Watcher exited; restarting in 1s…
npm error could not determine executable to run
npm error A complete log of this run can be found in: /Users/christophercook/.npm/_logs/2025-10-07T23_31_19_324Z-debug-0.log
Watcher exited; restarting in 1s…
npm error could not determine executable to run
npm error A complete log of this run can be found in: /Users/christophercook/.npm/_logs/2025-10-07T23_31_20_892Z-debug-0.log
Watcher exited; restarting in 1s…
npm error could not determine executable to run
npm error A complete log of this run can be found in: /Users/christophercook/.npm/_logs/2025-10-07T23_31_22_475Z-debug-0.log
Watcher exited; restarting in 1s…
npm error could not determine executable to run
npm error A complete log of this run can be found in: /Users/christophercook/.npm/_logs/2025-10-07T23_31_24_015Z-debug-0.log
Watcher exited; restarting in 1s…
npm error could not determine executable to run
npm error A complete log of this run can be found in: /Users/christophercook/.npm/_logs/2025-10-07T23_31_25_570Z-debug-0.log
Watcher exited; restarting in 1s…
npm error could not determine executable to run
npm error A complete log of this run can be found in: /Users/christophercook/.npm/_logs/2025-10-07T23_31_27_150Z-debug-0.log
Watcher exited; restarting in 1s…
npm error could not determine executable to run
npm error A complete log of this run can be found in: /Users/christophercook/.npm/_logs/2025-10-07T23_31_28_668Z-debug-0.log
Watcher exited; restarting in 1s…
npm error could not determine executable to run
npm error A complete log of this run can be found in: /Users/christophercook/.npm/_logs/2025-10-07T23_31_30_215Z-debug-0.log
Watcher exited; restarting in 1s…
npm error could not determine executable to run
npm error A complete log of this run can be found in: /Users/christophercook/.npm/_logs/2025-10-07T23_31_31_813Z-debug-0.log
Watcher exited; restarting in 1s…
npm error could not determine executable to run
npm error A complete log of this run can be found in: /Users/christophercook/.npm/_logs/2025-10-07T23_31_33_401Z-debug-0.log
Watcher exited; restarting in 1s…
npm error could not determine executable to run
npm error A complete log of this run can be found in: /Users/christophercook/.npm/_logs/2025-10-07T23_31_34_962Z-debug-0.log
Watcher exited; restarting in 1s…
npm error could not determine executable to run
npm error A complete log of this run can be found in: /Users/christophercook/.npm/_logs/2025-10-07T23_31_36_493Z-debug-0.log
Watcher exited; restarting in 1s…
npm error could not determine executable to run
npm error A complete log of this run can be found in: /Users/christophercook/.npm/_logs/2025-10-07T23_31_38_030Z-debug-0.log
Watcher exited; restarting in 1s…
npm error could not determine executable to run
npm error A complete log of this run can be found in: /Users/christophercook/.npm/_logs/2025-10-07T23_31_39_603Z-debug-0.log
Watcher exited; restarting in 1s…
npm error could not determine executable to run
npm error A complete log of this run can be found in: /Users/christophercook/.npm/_logs/2025-10-07T23_31_41_165Z-debug-0.log
Watcher exited; restarting in 1s…
npm error could not determine executable to run
npm error A complete log of this run can be found in: /Users/christophercook/.npm/_logs/2025-10-07T23_31_42_741Z-debug-0.log
Watcher exited; restarting in 1s…
npm error could not determine executable to run
npm error A complete log of this run can be found in: /Users/christophercook/.npm/_logs/2025-10-07T23_31_44_294Z-debug-0.log
Watcher exited; restarting in 1s…
npm error could not determine executable to run
npm error A complete log of this run can be found in: /Users/christophercook/.npm/_logs/2025-10-07T23_31_45_813Z-debug-0.log
Watcher exited; restarting in 1s…
npm error could not determine executable to run
npm error A complete log of this run can be found in: /Users/christophercook/.npm/_logs/2025-10-07T23_31_47_788Z-debug-0.log
Watcher exited; restarting in 1s…
npm error could not determine executable to run
npm error A complete log of this run can be found in: /Users/christophercook/.npm/_logs/2025-10-07T23_31_49_801Z-debug-0.log
Watcher exited; restarting in 1s…
npm error could not determine executable to run
npm error A complete log of this run can be found in: /Users/christophercook/.npm/_logs/2025-10-07T23_31_52_504Z-debug-0.log
Watcher exited; restarting in 1s…
npm error could not determine executable to run
npm error A complete log of this run can be found in: /Users/christophercook/.npm/_logs/2025-10-07T23_31_54_307Z-debug-0.log
Watcher exited; restarting in 1s…
npm error could not determine executable to run
npm error A complete log of this run can be found in: /Users/christophercook/.npm/_logs/2025-10-07T23_31_55_816Z-debug-0.log
Watcher exited; restarting in 1s…
npm error could not determine executable to run
npm error A complete log of this run can be found in: /Users/christophercook/.npm/_logs/2025-10-07T23_31_57_340Z-debug-0.log
Watcher exited; restarting in 1s…
npm error could not determine executable to run
npm error A complete log of this run can be found in: /Users/christophercook/.npm/_logs/2025-10-07T23_31_58_868Z-debug-0.log
Watcher exited; restarting in 1s…
npm error could not determine executable to run
npm error A complete log of this run can be found in: /Users/christophercook/.npm/_logs/2025-10-07T23_32_00_391Z-debug-0.log
Watcher exited; restarting in 1s…
npm error could not determine executable to run
npm error A complete log of this run can be found in: /Users/christophercook/.npm/_logs/2025-10-07T23_32_01_894Z-debug-0.log
Watcher exited; restarting in 1s…
npm error could not determine executable to run
npm error A complete log of this run can be found in: /Users/christophercook/.npm/_logs/2025-10-07T23_32_03_400Z-debug-0.log
Watcher exited; restarting in 1s…
npm error could not determine executable to run
npm error A complete log of this run can be found in: /Users/christophercook/.npm/_logs/2025-10-07T23_32_05_023Z-debug-0.log
Watcher exited; restarting in 1s…
npm error could not determine executable to run
npm error A complete log of this run can be found in: /Users/christophercook/.npm/_logs/2025-10-07T23_32_06_550Z-debug-0.log
Watcher exited; restarting in 1s…
npm error could not determine executable to run
npm error A complete log of this run can be found in: /Users/christophercook/.npm/_logs/2025-10-07T23_32_08_096Z-debug-0.log
Watcher exited; restarting in 1s…
npm error could not determine executable to run
npm error A complete log of this run can be found in: /Users/christophercook/.npm/_logs/2025-10-07T23_32_09_618Z-debug-0.log
Watcher exited; restarting in 1s…
npm error could not determine executable to run
npm error A complete log of this run can be found in: /Users/christophercook/.npm/_logs/2025-10-07T23_32_11_302Z-debug-0.log
Watcher exited; restarting in 1s…
npm error could not determine executable to run
npm error A complete log of this run can be found in: /Users/christophercook/.npm/_logs/2025-10-07T23_32_12_800Z-debug-0.log
Watcher exited; restarting in 1s…
npm error could not determine executable to run
npm error A complete log of this run can be found in: /Users/christophercook/.npm/_logs/2025-10-07T23_32_14_330Z-debug-0.log
Watcher exited; restarting in 1s…
npm error could not determine executable to run
npm error A complete log of this run can be found in: /Users/christophercook/.npm/_logs/2025-10-07T23_32_15_856Z-debug-0.log
Watcher exited; restarting in 1s…
npm error could not determine executable to run
npm error A complete log of this run can be found in: /Users/christophercook/.npm/_logs/2025-10-07T23_32_17_387Z-debug-0.log
Watcher exited; restarting in 1s…
npm error could not determine executable to run
npm error A complete log of this run can be found in: /Users/christophercook/.npm/_logs/2025-10-07T23_32_18_910Z-debug-0.log
Watcher exited; restarting in 1s…
npm error could not determine executable to run
npm error A complete log of this run can be found in: /Users/christophercook/.npm/_logs/2025-10-07T23_32_20_424Z-debug-0.log
Watcher exited; restarting in 1s…
npm error could not determine executable to run
npm error A complete log of this run can be found in: /Users/christophercook/.npm/_logs/2025-10-07T23_32_21_934Z-debug-0.log
Watcher exited; restarting in 1s…
npm error could not determine executable to run
npm error A complete log of this run can be found in: /Users/christophercook/.npm/_logs/2025-10-07T23_32_23_485Z-debug-0.log
Watcher exited; restarting in 1s…
npm error could not determine executable to run
npm error A complete log of this run can be found in: /Users/christophercook/.npm/_logs/2025-10-07T23_32_24_995Z-debug-0.log
Watcher exited; restarting in 1s…
npm error could not determine executable to run
npm error A complete log of this run can be found in: /Users/christophercook/.npm/_logs/2025-10-07T23_32_26_530Z-debug-0.log
Watcher exited; restarting in 1s…
npm error could not determine executable to run
npm error A complete log of this run can be found in: /Users/christophercook/.npm/_logs/2025-10-07T23_32_28_061Z-debug-0.log
Watcher exited; restarting in 1s…
npm error could not determine executable to run
npm error A complete log of this run can be found in: /Users/christophercook/.npm/_logs/2025-10-07T23_32_29_598Z-debug-0.log
Watcher exited; restarting in 1s…
npm error could not determine executable to run
npm error A complete log of this run can be found in: /Users/christophercook/.npm/_logs/2025-10-07T23_32_31_126Z-debug-0.log
Watcher exited; restarting in 1s…
npm error could not determine executable to run
npm error A complete log of this run can be found in: /Users/christophercook/.npm/_logs/2025-10-07T23_32_32_698Z-debug-0.log
Watcher exited; restarting in 1s…
npm error could not determine executable to run
npm error A complete log of this run can be found in: /Users/christophercook/.npm/_logs/2025-10-07T23_32_34_215Z-debug-0.log
Watcher exited; restarting in 1s…
npm error could not determine executable to run
npm error A complete log of this run can be found in: /Users/christophercook/.npm/_logs/2025-10-07T23_32_35_747Z-debug-0.log
Watcher exited; restarting in 1s…
npm error could not determine executable to run
npm error A complete log of this run can be found in: /Users/christophercook/.npm/_logs/2025-10-07T23_32_37_285Z-debug-0.log
Watcher exited; restarting in 1s…
npm error could not determine executable to run
npm error A complete log of this run can be found in: /Users/christophercook/.npm/_logs/2025-10-07T23_32_39_074Z-debug-0.log
Watcher exited; restarting in 1s…
npm error could not determine executable to run
npm error A complete log of this run can be found in: /Users/christophercook/.npm/_logs/2025-10-07T23_32_40_663Z-debug-0.log
Watcher exited; restarting in 1s…
npm error could not determine executable to run
npm error A complete log of this run can be found in: /Users/christophercook/.npm/_logs/2025-10-07T23_32_42_215Z-debug-0.log
Watcher exited; restarting in 1s…
npm error could not determine executable to run
npm error A complete log of this run can be found in: /Users/christophercook/.npm/_logs/2025-10-07T23_32_43_760Z-debug-0.log
Watcher exited; restarting in 1s…
npm error could not determine executable to run
npm error A complete log of this run can be found in: /Users/christophercook/.npm/_logs/2025-10-07T23_32_45_265Z-debug-0.log
Watcher exited; restarting in 1s…
npm error could not determine executable to run
npm error A complete log of this run can be found in: /Users/christophercook/.npm/_logs/2025-10-07T23_32_46_840Z-debug-0.log
Watcher exited; restarting in 1s…
npm error could not determine executable to run
npm error A complete log of this run can be found in: /Users/christophercook/.npm/_logs/2025-10-07T23_32_48_375Z-debug-0.log
Watcher exited; restarting in 1s…
npm error could not determine executable to run
npm error A complete log of this run can be found in: /Users/christophercook/.npm/_logs/2025-10-07T23_32_49_926Z-debug-0.log
Watcher exited; restarting in 1s…
npm error could not determine executable to run
npm error A complete log of this run can be found in: /Users/christophercook/.npm/_logs/2025-10-07T23_32_51_430Z-debug-0.log
Watcher exited; restarting in 1s…
npm error could not determine executable to run
npm error A complete log of this run can be found in: /Users/christophercook/.npm/_logs/2025-10-07T23_32_53_015Z-debug-0.log
Watcher exited; restarting in 1s…
npm error could not determine executable to run
npm error A complete log of this run can be found in: /Users/christophercook/.npm/_logs/2025-10-07T23_32_54_521Z-debug-0.log
Watcher exited; restarting in 1s…
npm error could not determine executable to run
npm error A complete log of this run can be found in: /Users/christophercook/.npm/_logs/2025-10-07T23_32_56_034Z-debug-0.log
Watcher exited; restarting in 1s…
npm error could not determine executable to run
npm error A complete log of this run can be found in: /Users/christophercook/.npm/_logs/2025-10-07T23_32_57_563Z-debug-0.log
Watcher exited; restarting in 1s…
npm error could not determine executable to run
npm error A complete log of this run can be found in: /Users/christophercook/.npm/_logs/2025-10-07T23_32_59_110Z-debug-0.log
Watcher exited; restarting in 1s…
npm error could not determine executable to run
npm error A complete log of this run can be found in: /Users/christophercook/.npm/_logs/2025-10-07T23_33_00_642Z-debug-0.log
Watcher exited; restarting in 1s…
npm error could not determine executable to run
npm error A complete log of this run can be found in: /Users/christophercook/.npm/_logs/2025-10-07T23_33_02_204Z-debug-0.log
Watcher exited; restarting in 1s…
npm error could not determine executable to run
npm error A complete log of this run can be found in: /Users/christophercook/.npm/_logs/2025-10-07T23_33_03_694Z-debug-0.log
Watcher exited; restarting in 1s…
npm error could not determine executable to run
npm error A complete log of this run can be found in: /Users/christophercook/.npm/_logs/2025-10-07T23_33_05_190Z-debug-0.log
Watcher exited; restarting in 1s…
npm error could not determine executable to run
npm error A complete log of this run can be found in: /Users/christophercook/.npm/_logs/2025-10-07T23_33_06_706Z-debug-0.log
Watcher exited; restarting in 1s…
npm error could not determine executable to run
npm error A complete log of this run can be found in: /Users/christophercook/.npm/_logs/2025-10-07T23_33_08_201Z-debug-0.log
Watcher exited; restarting in 1s…
npm error could not determine executable to run
npm error A complete log of this run can be found in: /Users/christophercook/.npm/_logs/2025-10-07T23_33_09_720Z-debug-0.log
Watcher exited; restarting in 1s…
npm error could not determine executable to run
npm error A complete log of this run can be found in: /Users/christophercook/.npm/_logs/2025-10-07T23_33_11_246Z-debug-0.log
Watcher exited; restarting in 1s…
npm error could not determine executable to run
npm error A complete log of this run can be found in: /Users/christophercook/.npm/_logs/2025-10-07T23_33_12_744Z-debug-0.log
Watcher exited; restarting in 1s…
npm error could not determine executable to run
npm error A complete log of this run can be found in: /Users/christophercook/.npm/_logs/2025-10-07T23_33_14_275Z-debug-0.log
Watcher exited; restarting in 1s…
npm error could not determine executable to run
npm error A complete log of this run can be found in: /Users/christophercook/.npm/_logs/2025-10-07T23_33_15_821Z-debug-0.log
Watcher exited; restarting in 1s…
npm error could not determine executable to run
npm error A complete log of this run can be found in: /Users/christophercook/.npm/_logs/2025-10-07T23_33_17_347Z-debug-0.log
Watcher exited; restarting in 1s…
npm error could not determine executable to run
npm error A complete log of this run can be found in: /Users/christophercook/.npm/_logs/2025-10-07T23_33_18_884Z-debug-0.log
Watcher exited; restarting in 1s…
npm error could not determine executable to run
npm error A complete log of this run can be found in: /Users/christophercook/.npm/_logs/2025-10-07T23_33_20_429Z-debug-0.log
Watcher exited; restarting in 1s…
npm error could not determine executable to run
npm error A complete log of this run can be found in: /Users/christophercook/.npm/_logs/2025-10-07T23_33_21_977Z-debug-0.log
Watcher exited; restarting in 1s…
npm error could not determine executable to run
npm error A complete log of this run can be found in: /Users/christophercook/.npm/_logs/2025-10-07T23_33_23_510Z-debug-0.log
Watcher exited; restarting in 1s…
npm error could not determine executable to run
npm error A complete log of this run can be found in: /Users/christophercook/.npm/_logs/2025-10-07T23_33_25_056Z-debug-0.log
Watcher exited; restarting in 1s…
npm error could not determine executable to run
npm error A complete log of this run can be found in: /Users/christophercook/.npm/_logs/2025-10-07T23_33_26_600Z-debug-0.log
Watcher exited; restarting in 1s…
npm error could not determine executable to run
npm error A complete log of this run can be found in: /Users/christophercook/.npm/_logs/2025-10-07T23_33_28_137Z-debug-0.log
Watcher exited; restarting in 1s…
npm error could not determine executable to run
npm error A complete log of this run can be found in: /Users/christophercook/.npm/_logs/2025-10-07T23_33_29_656Z-debug-0.log
Watcher exited; restarting in 1s…
npm error could not determine executable to run
npm error A complete log of this run can be found in: /Users/christophercook/.npm/_logs/2025-10-07T23_33_31_172Z-debug-0.log
Watcher exited; restarting in 1s…
npm error could not determine executable to run
npm error A complete log of this run can be found in: /Users/christophercook/.npm/_logs/2025-10-07T23_33_32_733Z-debug-0.log
Watcher exited; restarting in 1s…
npm error could not determine executable to run
npm error A complete log of this run can be found in: /Users/christophercook/.npm/_logs/2025-10-07T23_33_34_252Z-debug-0.log
Watcher exited; restarting in 1s…
npm error could not determine executable to run
npm error A complete log of this run can be found in: /Users/christophercook/.npm/_logs/2025-10-07T23_33_35_736Z-debug-0.log
Watcher exited; restarting in 1s…
npm error could not determine executable to run
npm error A complete log of this run can be found in: /Users/christophercook/.npm/_logs/2025-10-07T23_33_37_253Z-debug-0.log
Watcher exited; restarting in 1s…
npm error could not determine executable to run
npm error A complete log of this run can be found in: /Users/christophercook/.npm/_logs/2025-10-07T23_33_38_775Z-debug-0.log
Watcher exited; restarting in 1s…
npm error could not determine executable to run
npm error A complete log of this run can be found in: /Users/christophercook/.npm/_logs/2025-10-07T23_33_40_288Z-debug-0.log
Watcher exited; restarting in 1s…
npm error could not determine executable to run
npm error A complete log of this run can be found in: /Users/christophercook/.npm/_logs/2025-10-07T23_33_41_864Z-debug-0.log
Watcher exited; restarting in 1s…
npm error could not determine executable to run
npm error A complete log of this run can be found in: /Users/christophercook/.npm/_logs/2025-10-07T23_33_43_395Z-debug-0.log
Watcher exited; restarting in 1s…
npm error could not determine executable to run
npm error A complete log of this run can be found in: /Users/christophercook/.npm/_logs/2025-10-07T23_33_44_962Z-debug-0.log
Watcher exited; restarting in 1s…
npm error could not determine executable to run
npm error A complete log of this run can be found in: /Users/christophercook/.npm/_logs/2025-10-07T23_33_46_480Z-debug-0.log
Watcher exited; restarting in 1s…
npm error could not determine executable to run
npm error A complete log of this run can be found in: /Users/christophercook/.npm/_logs/2025-10-07T23_33_48_015Z-debug-0.log
Watcher exited; restarting in 1s…
npm error could not determine executable to run
npm error A complete log of this run can be found in: /Users/christophercook/.npm/_logs/2025-10-07T23_33_49_543Z-debug-0.log
Watcher exited; restarting in 1s…
npm error could not determine executable to run
npm error A complete log of this run can be found in: /Users/christophercook/.npm/_logs/2025-10-07T23_33_51_119Z-debug-0.log
Watcher exited; restarting in 1s…
npm error could not determine executable to run
npm error A complete log of this run can be found in: /Users/christophercook/.npm/_logs/2025-10-07T23_33_52_635Z-debug-0.log
Watcher exited; restarting in 1s…
npm error could not determine executable to run
npm error A complete log of this run can be found in: /Users/christophercook/.npm/_logs/2025-10-07T23_33_54_186Z-debug-0.log
Watcher exited; restarting in 1s…
npm error could not determine executable to run
npm error A complete log of this run can be found in: /Users/christophercook/.npm/_logs/2025-10-07T23_33_55_735Z-debug-0.log
Watcher exited; restarting in 1s…
npm error could not determine executable to run
npm error A complete log of this run can be found in: /Users/christophercook/.npm/_logs/2025-10-07T23_33_57_215Z-debug-0.log
Watcher exited; restarting in 1s…
npm error could not determine executable to run
npm error A complete log of this run can be found in: /Users/christophercook/.npm/_logs/2025-10-07T23_33_58_762Z-debug-0.log
Watcher exited; restarting in 1s…
npm error could not determine executable to run
npm error A complete log of this run can be found in: /Users/christophercook/.npm/_logs/2025-10-07T23_34_00_267Z-debug-0.log
Watcher exited; restarting in 1s…
npm error could not determine executable to run
npm error A complete log of this run can be found in: /Users/christophercook/.npm/_logs/2025-10-07T23_34_01_778Z-debug-0.log
Watcher exited; restarting in 1s…
npm error could not determine executable to run
npm error A complete log of this run can be found in: /Users/christophercook/.npm/_logs/2025-10-07T23_34_03_334Z-debug-0.log
Watcher exited; restarting in 1s…
npm error could not determine executable to run
npm error A complete log of this run can be found in: /Users/christophercook/.npm/_logs/2025-10-07T23_34_04_888Z-debug-0.log
Watcher exited; restarting in 1s…
npm error could not determine executable to run
npm error A complete log of this run can be found in: /Users/christophercook/.npm/_logs/2025-10-07T23_34_06_437Z-debug-0.log
Watcher exited; restarting in 1s…
npm error could not determine executable to run
npm error A complete log of this run can be found in: /Users/christophercook/.npm/_logs/2025-10-07T23_34_08_013Z-debug-0.log
Watcher exited; restarting in 1s…
npm error could not determine executable to run
npm error A complete log of this run can be found in: /Users/christophercook/.npm/_logs/2025-10-07T23_34_09_517Z-debug-0.log
Watcher exited; restarting in 1s…
npm error could not determine executable to run
npm error A complete log of this run can be found in: /Users/christophercook/.npm/_logs/2025-10-07T23_34_11_041Z-debug-0.log
Watcher exited; restarting in 1s…
npm error could not determine executable to run
npm error A complete log of this run can be found in: /Users/christophercook/.npm/_logs/2025-10-07T23_34_12_585Z-debug-0.log
Watcher exited; restarting in 1s…
npm error could not determine executable to run
npm error A complete log of this run can be found in: /Users/christophercook/.npm/_logs/2025-10-07T23_34_14_100Z-debug-0.log
Watcher exited; restarting in 1s…
npm error could not determine executable to run
npm error A complete log of this run can be found in: /Users/christophercook/.npm/_logs/2025-10-07T23_34_15_692Z-debug-0.log
Watcher exited; restarting in 1s…
npm error could not determine executable to run
npm error A complete log of this run can be found in: /Users/christophercook/.npm/_logs/2025-10-07T23_34_17_250Z-debug-0.log
Watcher exited; restarting in 1s…
npm error could not determine executable to run
npm error A complete log of this run can be found in: /Users/christophercook/.npm/_logs/2025-10-07T23_34_18_776Z-debug-0.log
Watcher exited; restarting in 1s…
npm error could not determine executable to run
npm error A complete log of this run can be found in: /Users/christophercook/.npm/_logs/2025-10-07T23_34_20_314Z-debug-0.log
Watcher exited; restarting in 1s…
npm error could not determine executable to run
npm error A complete log of this run can be found in: /Users/christophercook/.npm/_logs/2025-10-07T23_34_21_901Z-debug-0.log
Watcher exited; restarting in 1s…
npm error could not determine executable to run
npm error A complete log of this run can be found in: /Users/christophercook/.npm/_logs/2025-10-07T23_34_23_442Z-debug-0.log
Watcher exited; restarting in 1s…
npm error could not determine executable to run
npm error A complete log of this run can be found in: /Users/christophercook/.npm/_logs/2025-10-07T23_34_25_020Z-debug-0.log
Watcher exited; restarting in 1s…
npm error could not determine executable to run
npm error A complete log of this run can be found in: /Users/christophercook/.npm/_logs/2025-10-07T23_34_26_575Z-debug-0.log
Watcher exited; restarting in 1s…
npm error could not determine executable to run
npm error A complete log of this run can be found in: /Users/christophercook/.npm/_logs/2025-10-07T23_34_28_073Z-debug-0.log
Watcher exited; restarting in 1s…
npm error could not determine executable to run
npm error A complete log of this run can be found in: /Users/christophercook/.npm/_logs/2025-10-07T23_34_29_578Z-debug-0.log
Watcher exited; restarting in 1s…
npm error could not determine executable to run
npm error A complete log of this run can be found in: /Users/christophercook/.npm/_logs/2025-10-07T23_34_31_090Z-debug-0.log
Watcher exited; restarting in 1s…
npm error could not determine executable to run
npm error A complete log of this run can be found in: /Users/christophercook/.npm/_logs/2025-10-07T23_34_32_599Z-debug-0.log
Watcher exited; restarting in 1s…
npm error could not determine executable to run
npm error A complete log of this run can be found in: /Users/christophercook/.npm/_logs/2025-10-07T23_34_34_100Z-debug-0.log
Watcher exited; restarting in 1s…
npm error could not determine executable to run
npm error A complete log of this run can be found in: /Users/christophercook/.npm/_logs/2025-10-07T23_34_35_633Z-debug-0.log
Watcher exited; restarting in 1s…
npm error could not determine executable to run
npm error A complete log of this run can be found in: /Users/christophercook/.npm/_logs/2025-10-07T23_34_37_158Z-debug-0.log
Watcher exited; restarting in 1s…
npm error could not determine executable to run
npm error A complete log of this run can be found in: /Users/christophercook/.npm/_logs/2025-10-07T23_34_38_689Z-debug-0.log
Watcher exited; restarting in 1s…
npm error could not determine executable to run
npm error A complete log of this run can be found in: /Users/christophercook/.npm/_logs/2025-10-07T23_34_40_212Z-debug-0.log
Watcher exited; restarting in 1s…
npm error could not determine executable to run
npm error A complete log of this run can be found in: /Users/christophercook/.npm/_logs/2025-10-07T23_34_41_793Z-debug-0.log
Watcher exited; restarting in 1s…
npm error could not determine executable to run
npm error A complete log of this run can be found in: /Users/christophercook/.npm/_logs/2025-10-07T23_34_43_300Z-debug-0.log
Watcher exited; restarting in 1s…
npm error could not determine executable to run
npm error A complete log of this run can be found in: /Users/christophercook/.npm/_logs/2025-10-07T23_34_44_823Z-debug-0.log
Watcher exited; restarting in 1s…
npm error could not determine executable to run
npm error A complete log of this run can be found in: /Users/christophercook/.npm/_logs/2025-10-07T23_34_46_394Z-debug-0.log
Watcher exited; restarting in 1s…
npm error could not determine executable to run
npm error A complete log of this run can be found in: /Users/christophercook/.npm/_logs/2025-10-07T23_34_47_925Z-debug-0.log
Watcher exited; restarting in 1s…
npm error could not determine executable to run
npm error A complete log of this run can be found in: /Users/christophercook/.npm/_logs/2025-10-07T23_34_49_493Z-debug-0.log
Watcher exited; restarting in 1s…
npm error could not determine executable to run
npm error A complete log of this run can be found in: /Users/christophercook/.npm/_logs/2025-10-07T23_34_51_066Z-debug-0.log
Watcher exited; restarting in 1s…
npm error could not determine executable to run
npm error A complete log of this run can be found in: /Users/christophercook/.npm/_logs/2025-10-07T23_34_52_594Z-debug-0.log
Watcher exited; restarting in 1s…
npm error could not determine executable to run
npm error A complete log of this run can be found in: /Users/christophercook/.npm/_logs/2025-10-07T23_34_54_074Z-debug-0.log
Watcher exited; restarting in 1s…
npm error could not determine executable to run
npm error A complete log of this run can be found in: /Users/christophercook/.npm/_logs/2025-10-07T23_34_55_606Z-debug-0.log
Watcher exited; restarting in 1s…
npm error could not determine executable to run
npm error A complete log of this run can be found in: /Users/christophercook/.npm/_logs/2025-10-07T23_34_57_200Z-debug-0.log
Watcher exited; restarting in 1s…
npm error could not determine executable to run
npm error A complete log of this run can be found in: /Users/christophercook/.npm/_logs/2025-10-07T23_34_58_812Z-debug-0.log
Watcher exited; restarting in 1s…
npm error could not determine executable to run
npm error A complete log of this run can be found in: /Users/christophercook/.npm/_logs/2025-10-07T23_35_00_395Z-debug-0.log
Watcher exited; restarting in 1s…
npm error could not determine executable to run
npm error A complete log of this run can be found in: /Users/christophercook/.npm/_logs/2025-10-07T23_35_02_010Z-debug-0.log
Watcher exited; restarting in 1s…
npm error could not determine executable to run
npm error A complete log of this run can be found in: /Users/christophercook/.npm/_logs/2025-10-07T23_35_03_589Z-debug-0.log
Watcher exited; restarting in 1s…
npm error could not determine executable to run
npm error A complete log of this run can be found in: /Users/christophercook/.npm/_logs/2025-10-07T23_35_05_091Z-debug-0.log
Watcher exited; restarting in 1s…
npm error could not determine executable to run
npm error A complete log of this run can be found in: /Users/christophercook/.npm/_logs/2025-10-07T23_35_06_638Z-debug-0.log
Watcher exited; restarting in 1s…
npm error could not determine executable to run
npm error A complete log of this run can be found in: /Users/christophercook/.npm/_logs/2025-10-07T23_35_08_139Z-debug-0.log
Watcher exited; restarting in 1s…
npm error could not determine executable to run
npm error A complete log of this run can be found in: /Users/christophercook/.npm/_logs/2025-10-07T23_35_09_678Z-debug-0.log
Watcher exited; restarting in 1s…
npm error could not determine executable to run
npm error A complete log of this run can be found in: /Users/christophercook/.npm/_logs/2025-10-07T23_35_11_205Z-debug-0.log
Watcher exited; restarting in 1s…
npm error could not determine executable to run
npm error A complete log of this run can be found in: /Users/christophercook/.npm/_logs/2025-10-07T23_35_12_722Z-debug-0.log
Watcher exited; restarting in 1s…
npm error could not determine executable to run
npm error A complete log of this run can be found in: /Users/christophercook/.npm/_logs/2025-10-07T23_35_14_265Z-debug-0.log
Watcher exited; restarting in 1s…
npm error could not determine executable to run
npm error A complete log of this run can be found in: /Users/christophercook/.npm/_logs/2025-10-07T23_35_15_787Z-debug-0.log
Watcher exited; restarting in 1s…
npm error could not determine executable to run
npm error A complete log of this run can be found in: /Users/christophercook/.npm/_logs/2025-10-07T23_35_17_319Z-debug-0.log
Watcher exited; restarting in 1s…
npm error could not determine executable to run
npm error A complete log of this run can be found in: /Users/christophercook/.npm/_logs/2025-10-07T23_35_18_892Z-debug-0.log
Watcher exited; restarting in 1s…
npm error could not determine executable to run
npm error A complete log of this run can be found in: /Users/christophercook/.npm/_logs/2025-10-07T23_35_20_385Z-debug-0.log
Watcher exited; restarting in 1s…
npm error could not determine executable to run
npm error A complete log of this run can be found in: /Users/christophercook/.npm/_logs/2025-10-07T23_35_21_970Z-debug-0.log
Watcher exited; restarting in 1s…
npm error could not determine executable to run
npm error A complete log of this run can be found in: /Users/christophercook/.npm/_logs/2025-10-07T23_35_23_496Z-debug-0.log
Watcher exited; restarting in 1s…
npm error could not determine executable to run
npm error A complete log of this run can be found in: /Users/christophercook/.npm/_logs/2025-10-07T23_35_25_048Z-debug-0.log
Watcher exited; restarting in 1s…
npm error could not determine executable to run
npm error A complete log of this run can be found in: /Users/christophercook/.npm/_logs/2025-10-07T23_35_26_561Z-debug-0.log
Watcher exited; restarting in 1s…
npm error could not determine executable to run
npm error A complete log of this run can be found in: /Users/christophercook/.npm/_logs/2025-10-07T23_35_28_084Z-debug-0.log
Watcher exited; restarting in 1s…
npm error could not determine executable to run
npm error A complete log of this run can be found in: /Users/christophercook/.npm/_logs/2025-10-07T23_35_29_586Z-debug-0.log
Watcher exited; restarting in 1s…
npm error could not determine executable to run
npm error A complete log of this run can be found in: /Users/christophercook/.npm/_logs/2025-10-07T23_35_31_094Z-debug-0.log
Watcher exited; restarting in 1s…
npm error could not determine executable to run
npm error A complete log of this run can be found in: /Users/christophercook/.npm/_logs/2025-10-07T23_35_32_682Z-debug-0.log
Watcher exited; restarting in 1s…
npm error could not determine executable to run
npm error A complete log of this run can be found in: /Users/christophercook/.npm/_logs/2025-10-07T23_35_34_238Z-debug-0.log
Watcher exited; restarting in 1s…
npm error could not determine executable to run
npm error A complete log of this run can be found in: /Users/christophercook/.npm/_logs/2025-10-07T23_35_35_787Z-debug-0.log
Watcher exited; restarting in 1s…
npm error could not determine executable to run
npm error A complete log of this run can be found in: /Users/christophercook/.npm/_logs/2025-10-07T23_35_37_316Z-debug-0.log
Watcher exited; restarting in 1s…
npm error could not determine executable to run
npm error A complete log of this run can be found in: /Users/christophercook/.npm/_logs/2025-10-07T23_35_38_885Z-debug-0.log
Watcher exited; restarting in 1s…
npm error could not determine executable to run
npm error A complete log of this run can be found in: /Users/christophercook/.npm/_logs/2025-10-07T23_35_40_429Z-debug-0.log
Watcher exited; restarting in 1s…
npm error could not determine executable to run
npm error A complete log of this run can be found in: /Users/christophercook/.npm/_logs/2025-10-07T23_35_41_932Z-debug-0.log
Watcher exited; restarting in 1s…
npm error could not determine executable to run
npm error A complete log of this run can be found in: /Users/christophercook/.npm/_logs/2025-10-07T23_35_43_427Z-debug-0.log
Watcher exited; restarting in 1s…
npm error could not determine executable to run
npm error A complete log of this run can be found in: /Users/christophercook/.npm/_logs/2025-10-07T23_35_44_960Z-debug-0.log
Watcher exited; restarting in 1s…
npm error could not determine executable to run
npm error A complete log of this run can be found in: /Users/christophercook/.npm/_logs/2025-10-07T23_35_46_498Z-debug-0.log
Watcher exited; restarting in 1s…
npm error could not determine executable to run
npm error A complete log of this run can be found in: /Users/christophercook/.npm/_logs/2025-10-07T23_35_48_011Z-debug-0.log
Watcher exited; restarting in 1s…
npm error could not determine executable to run
npm error A complete log of this run can be found in: /Users/christophercook/.npm/_logs/2025-10-07T23_35_49_513Z-debug-0.log
Watcher exited; restarting in 1s…
npm error could not determine executable to run
npm error A complete log of this run can be found in: /Users/christophercook/.npm/_logs/2025-10-07T23_35_51_017Z-debug-0.log
Watcher exited; restarting in 1s…
npm error could not determine executable to run
npm error A complete log of this run can be found in: /Users/christophercook/.npm/_logs/2025-10-07T23_35_52_516Z-debug-0.log
Watcher exited; restarting in 1s…
npm error could not determine executable to run
npm error A complete log of this run can be found in: /Users/christophercook/.npm/_logs/2025-10-07T23_35_54_034Z-debug-0.log
Watcher exited; restarting in 1s…
npm error could not determine executable to run
npm error A complete log of this run can be found in: /Users/christophercook/.npm/_logs/2025-10-07T23_35_55_525Z-debug-0.log
Watcher exited; restarting in 1s…
npm error could not determine executable to run
npm error A complete log of this run can be found in: /Users/christophercook/.npm/_logs/2025-10-07T23_35_57_059Z-debug-0.log
Watcher exited; restarting in 1s…
npm error could not determine executable to run
npm error A complete log of this run can be found in: /Users/christophercook/.npm/_logs/2025-10-07T23_35_58_587Z-debug-0.log
Watcher exited; restarting in 1s…
npm error could not determine executable to run
npm error A complete log of this run can be found in: /Users/christophercook/.npm/_logs/2025-10-07T23_36_00_161Z-debug-0.log
Watcher exited; restarting in 1s…
npm error could not determine executable to run
npm error A complete log of this run can be found in: /Users/christophercook/.npm/_logs/2025-10-07T23_36_01_688Z-debug-0.log
Watcher exited; restarting in 1s…
npm error could not determine executable to run
npm error A complete log of this run can be found in: /Users/christophercook/.npm/_logs/2025-10-07T23_36_03_459Z-debug-0.log
Watcher exited; restarting in 1s…
npm error could not determine executable to run
npm error A complete log of this run can be found in: /Users/christophercook/.npm/_logs/2025-10-07T23_36_04_933Z-debug-0.log
Watcher exited; restarting in 1s…
npm error could not determine executable to run
npm error A complete log of this run can be found in: /Users/christophercook/.npm/_logs/2025-10-07T23_36_06_405Z-debug-0.log
Watcher exited; restarting in 1s…
npm error could not determine executable to run
npm error A complete log of this run can be found in: /Users/christophercook/.npm/_logs/2025-10-07T23_36_07_913Z-debug-0.log
Watcher exited; restarting in 1s…
npm error could not determine executable to run
npm error A complete log of this run can be found in: /Users/christophercook/.npm/_logs/2025-10-07T23_36_09_438Z-debug-0.log
Watcher exited; restarting in 1s…
npm error could not determine executable to run
npm error A complete log of this run can be found in: /Users/christophercook/.npm/_logs/2025-10-07T23_36_10_946Z-debug-0.log
Watcher exited; restarting in 1s…
npm error could not determine executable to run
npm error A complete log of this run can be found in: /Users/christophercook/.npm/_logs/2025-10-07T23_36_12_483Z-debug-0.log
Watcher exited; restarting in 1s…
npm error could not determine executable to run
npm error A complete log of this run can be found in: /Users/christophercook/.npm/_logs/2025-10-07T23_36_14_017Z-debug-0.log
Watcher exited; restarting in 1s…
npm error could not determine executable to run
npm error A complete log of this run can be found in: /Users/christophercook/.npm/_logs/2025-10-07T23_36_15_527Z-debug-0.log
Watcher exited; restarting in 1s…
npm error could not determine executable to run
npm error A complete log of this run can be found in: /Users/christophercook/.npm/_logs/2025-10-07T23_36_17_039Z-debug-0.log
Watcher exited; restarting in 1s…
npm error could not determine executable to run
npm error A complete log of this run can be found in: /Users/christophercook/.npm/_logs/2025-10-07T23_36_18_563Z-debug-0.log
Watcher exited; restarting in 1s…
npm error could not determine executable to run
npm error A complete log of this run can be found in: /Users/christophercook/.npm/_logs/2025-10-07T23_36_20_066Z-debug-0.log
Watcher exited; restarting in 1s…
npm error could not determine executable to run
npm error A complete log of this run can be found in: /Users/christophercook/.npm/_logs/2025-10-07T23_36_21_585Z-debug-0.log
Watcher exited; restarting in 1s…
npm error could not determine executable to run
npm error A complete log of this run can be found in: /Users/christophercook/.npm/_logs/2025-10-07T23_36_23_087Z-debug-0.log
Watcher exited; restarting in 1s…
npm error could not determine executable to run
npm error A complete log of this run can be found in: /Users/christophercook/.npm/_logs/2025-10-07T23_36_24_634Z-debug-0.log
Watcher exited; restarting in 1s…
npm error could not determine executable to run
npm error A complete log of this run can be found in: /Users/christophercook/.npm/_logs/2025-10-07T23_36_26_186Z-debug-0.log
Watcher exited; restarting in 1s…
npm error could not determine executable to run
npm error A complete log of this run can be found in: /Users/christophercook/.npm/_logs/2025-10-07T23_36_27_715Z-debug-0.log
Watcher exited; restarting in 1s…
npm error could not determine executable to run
npm error A complete log of this run can be found in: /Users/christophercook/.npm/_logs/2025-10-07T23_36_29_227Z-debug-0.log
Watcher exited; restarting in 1s…
npm error could not determine executable to run
npm error A complete log of this run can be found in: /Users/christophercook/.npm/_logs/2025-10-07T23_36_30_765Z-debug-0.log
Watcher exited; restarting in 1s…
npm error could not determine executable to run
npm error A complete log of this run can be found in: /Users/christophercook/.npm/_logs/2025-10-07T23_36_32_335Z-debug-0.log
Watcher exited; restarting in 1s…
npm error could not determine executable to run
npm error A complete log of this run can be found in: /Users/christophercook/.npm/_logs/2025-10-07T23_36_33_907Z-debug-0.log
Watcher exited; restarting in 1s…
npm error could not determine executable to run
npm error A complete log of this run can be found in: /Users/christophercook/.npm/_logs/2025-10-07T23_36_35_453Z-debug-0.log
Watcher exited; restarting in 1s…
npm error could not determine executable to run
npm error A complete log of this run can be found in: /Users/christophercook/.npm/_logs/2025-10-07T23_36_38_315Z-debug-0.log
Watcher exited; restarting in 1s…
npm error could not determine executable to run
npm error A complete log of this run can be found in: /Users/christophercook/.npm/_logs/2025-10-07T23_36_40_745Z-debug-0.log
Watcher exited; restarting in 1s…
npm error could not determine executable to run
npm error A complete log of this run can be found in: /Users/christophercook/.npm/_logs/2025-10-07T23_36_42_280Z-debug-0.log
Watcher exited; restarting in 1s…
npm error could not determine executable to run
npm error A complete log of this run can be found in: /Users/christophercook/.npm/_logs/2025-10-07T23_36_43_823Z-debug-0.log
Watcher exited; restarting in 1s…
npm error could not determine executable to run
npm error A complete log of this run can be found in: /Users/christophercook/.npm/_logs/2025-10-07T23_36_45_311Z-debug-0.log
Watcher exited; restarting in 1s…
npm error could not determine executable to run
npm error A complete log of this run can be found in: /Users/christophercook/.npm/_logs/2025-10-07T23_36_46_817Z-debug-0.log
Watcher exited; restarting in 1s…
npm error could not determine executable to run
npm error A complete log of this run can be found in: /Users/christophercook/.npm/_logs/2025-10-07T23_36_48_329Z-debug-0.log
Watcher exited; restarting in 1s…
npm error could not determine executable to run
npm error A complete log of this run can be found in: /Users/christophercook/.npm/_logs/2025-10-07T23_36_49_866Z-debug-0.log
Watcher exited; restarting in 1s…
npm error could not determine executable to run
npm error A complete log of this run can be found in: /Users/christophercook/.npm/_logs/2025-10-07T23_36_51_401Z-debug-0.log
Watcher exited; restarting in 1s…
npm error could not determine executable to run
npm error A complete log of this run can be found in: /Users/christophercook/.npm/_logs/2025-10-07T23_36_52_938Z-debug-0.log
Watcher exited; restarting in 1s…
npm error could not determine executable to run
npm error A complete log of this run can be found in: /Users/christophercook/.npm/_logs/2025-10-07T23_36_54_447Z-debug-0.log
Watcher exited; restarting in 1s…
npm error could not determine executable to run
npm error A complete log of this run can be found in: /Users/christophercook/.npm/_logs/2025-10-07T23_36_55_976Z-debug-0.log
Watcher exited; restarting in 1s…
npm error could not determine executable to run
npm error A complete log of this run can be found in: /Users/christophercook/.npm/_logs/2025-10-07T23_36_57_527Z-debug-0.log
Watcher exited; restarting in 1s…
npm error could not determine executable to run
npm error A complete log of this run can be found in: /Users/christophercook/.npm/_logs/2025-10-07T23_36_59_099Z-debug-0.log
Watcher exited; restarting in 1s…
npm error could not determine executable to run
npm error A complete log of this run can be found in: /Users/christophercook/.npm/_logs/2025-10-07T23_37_00_648Z-debug-0.log
Watcher exited; restarting in 1s…
npm error could not determine executable to run
npm error A complete log of this run can be found in: /Users/christophercook/.npm/_logs/2025-10-07T23_37_02_187Z-debug-0.log
Watcher exited; restarting in 1s…
npm error could not determine executable to run
npm error A complete log of this run can be found in: /Users/christophercook/.npm/_logs/2025-10-07T23_37_03_722Z-debug-0.log
Watcher exited; restarting in 1s…
npm error could not determine executable to run
npm error A complete log of this run can be found in: /Users/christophercook/.npm/_logs/2025-10-07T23_37_05_243Z-debug-0.log
Watcher exited; restarting in 1s…
npm error could not determine executable to run
npm error A complete log of this run can be found in: /Users/christophercook/.npm/_logs/2025-10-07T23_37_06_772Z-debug-0.log
Watcher exited; restarting in 1s…
npm error could not determine executable to run
npm error A complete log of this run can be found in: /Users/christophercook/.npm/_logs/2025-10-07T23_37_08_300Z-debug-0.log
Watcher exited; restarting in 1s…
npm error could not determine executable to run
npm error A complete log of this run can be found in: /Users/christophercook/.npm/_logs/2025-10-07T23_37_09_847Z-debug-0.log
Watcher exited; restarting in 1s…
npm error could not determine executable to run
npm error A complete log of this run can be found in: /Users/christophercook/.npm/_logs/2025-10-07T23_37_11_399Z-debug-0.log
Watcher exited; restarting in 1s…
npm error could not determine executable to run
npm error A complete log of this run can be found in: /Users/christophercook/.npm/_logs/2025-10-07T23_37_12_967Z-debug-0.log
Watcher exited; restarting in 1s…
npm error could not determine executable to run
npm error A complete log of this run can be found in: /Users/christophercook/.npm/_logs/2025-10-07T23_37_14_499Z-debug-0.log
Watcher exited; restarting in 1s…
npm error could not determine executable to run
npm error A complete log of this run can be found in: /Users/christophercook/.npm/_logs/2025-10-07T23_37_16_025Z-debug-0.log
Watcher exited; restarting in 1s…
npm error could not determine executable to run
npm error A complete log of this run can be found in: /Users/christophercook/.npm/_logs/2025-10-07T23_37_17_519Z-debug-0.log
Watcher exited; restarting in 1s…
npm error could not determine executable to run
npm error A complete log of this run can be found in: /Users/christophercook/.npm/_logs/2025-10-07T23_37_19_077Z-debug-0.log
Watcher exited; restarting in 1s…
npm error could not determine executable to run
npm error A complete log of this run can be found in: /Users/christophercook/.npm/_logs/2025-10-07T23_37_20_593Z-debug-0.log
Watcher exited; restarting in 1s…
npm error could not determine executable to run
npm error A complete log of this run can be found in: /Users/christophercook/.npm/_logs/2025-10-07T23_37_22_146Z-debug-0.log
Watcher exited; restarting in 1s…
npm error could not determine executable to run
npm error A complete log of this run can be found in: /Users/christophercook/.npm/_logs/2025-10-07T23_37_23_703Z-debug-0.log
Watcher exited; restarting in 1s…
npm error could not determine executable to run
npm error A complete log of this run can be found in: /Users/christophercook/.npm/_logs/2025-10-07T23_37_25_279Z-debug-0.log
Watcher exited; restarting in 1s…
npm error could not determine executable to run
npm error A complete log of this run can be found in: /Users/christophercook/.npm/_logs/2025-10-07T23_37_26_804Z-debug-0.log
Watcher exited; restarting in 1s…
npm error could not determine executable to run
npm error A complete log of this run can be found in: /Users/christophercook/.npm/_logs/2025-10-07T23_37_28_357Z-debug-0.log
Watcher exited; restarting in 1s…
npm error could not determine executable to run
npm error A complete log of this run can be found in: /Users/christophercook/.npm/_logs/2025-10-07T23_37_29_932Z-debug-0.log
Watcher exited; restarting in 1s…
npm error could not determine executable to run
npm error A complete log of this run can be found in: /Users/christophercook/.npm/_logs/2025-10-07T23_37_31_499Z-debug-0.log
Watcher exited; restarting in 1s…
npm error could not determine executable to run
npm error A complete log of this run can be found in: /Users/christophercook/.npm/_logs/2025-10-07T23_37_33_072Z-debug-0.log
Watcher exited; restarting in 1s…
npm error could not determine executable to run
npm error A complete log of this run can be found in: /Users/christophercook/.npm/_logs/2025-10-07T23_37_34_597Z-debug-0.log
Watcher exited; restarting in 1s…
npm error could not determine executable to run
npm error A complete log of this run can be found in: /Users/christophercook/.npm/_logs/2025-10-07T23_37_36_162Z-debug-0.log
Watcher exited; restarting in 1s…
npm error could not determine executable to run
npm error A complete log of this run can be found in: /Users/christophercook/.npm/_logs/2025-10-07T23_37_37_723Z-debug-0.log
Watcher exited; restarting in 1s…
npm error could not determine executable to run
npm error A complete log of this run can be found in: /Users/christophercook/.npm/_logs/2025-10-07T23_37_39_242Z-debug-0.log
Watcher exited; restarting in 1s…
npm error could not determine executable to run
npm error A complete log of this run can be found in: /Users/christophercook/.npm/_logs/2025-10-07T23_37_40_806Z-debug-0.log
Watcher exited; restarting in 1s…
npm error could not determine executable to run
npm error A complete log of this run can be found in: /Users/christophercook/.npm/_logs/2025-10-07T23_37_42_336Z-debug-0.log
Watcher exited; restarting in 1s…
npm error could not determine executable to run
npm error A complete log of this run can be found in: /Users/christophercook/.npm/_logs/2025-10-07T23_37_43_901Z-debug-0.log
Watcher exited; restarting in 1s…
npm error could not determine executable to run
npm error A complete log of this run can be found in: /Users/christophercook/.npm/_logs/2025-10-07T23_37_45_443Z-debug-0.log
Watcher exited; restarting in 1s…
npm error could not determine executable to run
npm error A complete log of this run can be found in: /Users/christophercook/.npm/_logs/2025-10-07T23_37_46_985Z-debug-0.log
Watcher exited; restarting in 1s…
npm error could not determine executable to run
npm error A complete log of this run can be found in: /Users/christophercook/.npm/_logs/2025-10-07T23_37_48_534Z-debug-0.log
Watcher exited; restarting in 1s…
npm error could not determine executable to run
npm error A complete log of this run can be found in: /Users/christophercook/.npm/_logs/2025-10-07T23_37_50_059Z-debug-0.log
Watcher exited; restarting in 1s…
npm error could not determine executable to run
npm error A complete log of this run can be found in: /Users/christophercook/.npm/_logs/2025-10-07T23_37_51_620Z-debug-0.log
Watcher exited; restarting in 1s…
npm error could not determine executable to run
npm error A complete log of this run can be found in: /Users/christophercook/.npm/_logs/2025-10-07T23_37_53_187Z-debug-0.log
Watcher exited; restarting in 1s…
npm error could not determine executable to run
npm error A complete log of this run can be found in: /Users/christophercook/.npm/_logs/2025-10-07T23_37_55_153Z-debug-0.log
Watcher exited; restarting in 1s…
npm error could not determine executable to run
npm error A complete log of this run can be found in: /Users/christophercook/.npm/_logs/2025-10-07T23_37_57_271Z-debug-0.log
Watcher exited; restarting in 1s…
npm error could not determine executable to run
npm error A complete log of this run can be found in: /Users/christophercook/.npm/_logs/2025-10-07T23_37_58_828Z-debug-0.log
Watcher exited; restarting in 1s…
npm error could not determine executable to run
npm error A complete log of this run can be found in: /Users/christophercook/.npm/_logs/2025-10-07T23_38_00_339Z-debug-0.log
Watcher exited; restarting in 1s…
npm error could not determine executable to run
npm error A complete log of this run can be found in: /Users/christophercook/.npm/_logs/2025-10-07T23_38_01_861Z-debug-0.log
Watcher exited; restarting in 1s…
npm error could not determine executable to run
npm error A complete log of this run can be found in: /Users/christophercook/.npm/_logs/2025-10-07T23_38_03_382Z-debug-0.log
Watcher exited; restarting in 1s…
npm error could not determine executable to run
npm error A complete log of this run can be found in: /Users/christophercook/.npm/_logs/2025-10-07T23_38_04_900Z-debug-0.log
Watcher exited; restarting in 1s…
npm error could not determine executable to run
npm error A complete log of this run can be found in: /Users/christophercook/.npm/_logs/2025-10-07T23_38_06_469Z-debug-0.log
Watcher exited; restarting in 1s…
npm error could not determine executable to run
npm error A complete log of this run can be found in: /Users/christophercook/.npm/_logs/2025-10-07T23_38_07_992Z-debug-0.log
Watcher exited; restarting in 1s…
npm error could not determine executable to run
npm error A complete log of this run can be found in: /Users/christophercook/.npm/_logs/2025-10-07T23_38_09_510Z-debug-0.log
Watcher exited; restarting in 1s…
npm error could not determine executable to run
npm error A complete log of this run can be found in: /Users/christophercook/.npm/_logs/2025-10-07T23_38_11_072Z-debug-0.log
Watcher exited; restarting in 1s…
npm error could not determine executable to run
npm error A complete log of this run can be found in: /Users/christophercook/.npm/_logs/2025-10-07T23_38_12_734Z-debug-0.log
Watcher exited; restarting in 1s…
npm error could not determine executable to run
npm error A complete log of this run can be found in: /Users/christophercook/.npm/_logs/2025-10-07T23_38_14_264Z-debug-0.log
Watcher exited; restarting in 1s…
npm error could not determine executable to run
npm error A complete log of this run can be found in: /Users/christophercook/.npm/_logs/2025-10-07T23_38_15_762Z-debug-0.log
Watcher exited; restarting in 1s…
npm error could not determine executable to run
npm error A complete log of this run can be found in: /Users/christophercook/.npm/_logs/2025-10-07T23_38_17_301Z-debug-0.log
Watcher exited; restarting in 1s…
npm error could not determine executable to run
npm error A complete log of this run can be found in: /Users/christophercook/.npm/_logs/2025-10-07T23_38_18_798Z-debug-0.log
Watcher exited; restarting in 1s…
npm error could not determine executable to run
npm error A complete log of this run can be found in: /Users/christophercook/.npm/_logs/2025-10-07T23_38_20_360Z-debug-0.log
Watcher exited; restarting in 1s…
npm error could not determine executable to run
npm error A complete log of this run can be found in: /Users/christophercook/.npm/_logs/2025-10-07T23_38_21_888Z-debug-0.log
Watcher exited; restarting in 1s…
npm error could not determine executable to run
npm error A complete log of this run can be found in: /Users/christophercook/.npm/_logs/2025-10-07T23_38_23_418Z-debug-0.log
Watcher exited; restarting in 1s…
npm error could not determine executable to run
npm error A complete log of this run can be found in: /Users/christophercook/.npm/_logs/2025-10-07T23_38_24_944Z-debug-0.log
Watcher exited; restarting in 1s…
npm error could not determine executable to run
npm error A complete log of this run can be found in: /Users/christophercook/.npm/_logs/2025-10-07T23_38_26_495Z-debug-0.log
Watcher exited; restarting in 1s…
npm error could not determine executable to run
npm error A complete log of this run can be found in: /Users/christophercook/.npm/_logs/2025-10-07T23_38_28_015Z-debug-0.log
Watcher exited; restarting in 1s…
npm error could not determine executable to run
npm error A complete log of this run can be found in: /Users/christophercook/.npm/_logs/2025-10-07T23_38_29_596Z-debug-0.log
Watcher exited; restarting in 1s…
npm error could not determine executable to run
npm error A complete log of this run can be found in: /Users/christophercook/.npm/_logs/2025-10-07T23_38_31_121Z-debug-0.log
Watcher exited; restarting in 1s…
npm error could not determine executable to run
npm error A complete log of this run can be found in: /Users/christophercook/.npm/_logs/2025-10-07T23_38_32_654Z-debug-0.log
Watcher exited; restarting in 1s…
npm error could not determine executable to run
npm error A complete log of this run can be found in: /Users/christophercook/.npm/_logs/2025-10-07T23_38_34_173Z-debug-0.log
Watcher exited; restarting in 1s…
npm error could not determine executable to run
npm error A complete log of this run can be found in: /Users/christophercook/.npm/_logs/2025-10-07T23_38_35_700Z-debug-0.log
Watcher exited; restarting in 1s…
npm error could not determine executable to run
npm error A complete log of this run can be found in: /Users/christophercook/.npm/_logs/2025-10-07T23_38_37_211Z-debug-0.log
Watcher exited; restarting in 1s…
npm error could not determine executable to run
npm error A complete log of this run can be found in: /Users/christophercook/.npm/_logs/2025-10-07T23_38_38_738Z-debug-0.log
Watcher exited; restarting in 1s…
npm error could not determine executable to run
npm error A complete log of this run can be found in: /Users/christophercook/.npm/_logs/2025-10-07T23_38_40_277Z-debug-0.log
Watcher exited; restarting in 1s…
npm error could not determine executable to run
npm error A complete log of this run can be found in: /Users/christophercook/.npm/_logs/2025-10-07T23_38_41_813Z-debug-0.log
Watcher exited; restarting in 1s…
npm error could not determine executable to run
npm error A complete log of this run can be found in: /Users/christophercook/.npm/_logs/2025-10-07T23_38_43_345Z-debug-0.log
Watcher exited; restarting in 1s…
npm error could not determine executable to run
npm error A complete log of this run can be found in: /Users/christophercook/.npm/_logs/2025-10-07T23_38_44_910Z-debug-0.log
Watcher exited; restarting in 1s…
npm error could not determine executable to run
npm error A complete log of this run can be found in: /Users/christophercook/.npm/_logs/2025-10-07T23_38_46_436Z-debug-0.log
Watcher exited; restarting in 1s…
npm error could not determine executable to run
npm error A complete log of this run can be found in: /Users/christophercook/.npm/_logs/2025-10-07T23_38_47_986Z-debug-0.log
Watcher exited; restarting in 1s…
npm error could not determine executable to run
npm error A complete log of this run can be found in: /Users/christophercook/.npm/_logs/2025-10-07T23_38_49_589Z-debug-0.log
Watcher exited; restarting in 1s…
npm error could not determine executable to run
npm error A complete log of this run can be found in: /Users/christophercook/.npm/_logs/2025-10-07T23_38_51_119Z-debug-0.log
Watcher exited; restarting in 1s…
npm error could not determine executable to run
npm error A complete log of this run can be found in: /Users/christophercook/.npm/_logs/2025-10-07T23_38_52_659Z-debug-0.log
Watcher exited; restarting in 1s…
npm error could not determine executable to run
npm error A complete log of this run can be found in: /Users/christophercook/.npm/_logs/2025-10-07T23_38_54_182Z-debug-0.log
Watcher exited; restarting in 1s…
npm error could not determine executable to run
npm error A complete log of this run can be found in: /Users/christophercook/.npm/_logs/2025-10-07T23_38_55_784Z-debug-0.log
Watcher exited; restarting in 1s…
npm error could not determine executable to run
npm error A complete log of this run can be found in: /Users/christophercook/.npm/_logs/2025-10-07T23_38_57_307Z-debug-0.log
Watcher exited; restarting in 1s…
npm error could not determine executable to run
npm error A complete log of this run can be found in: /Users/christophercook/.npm/_logs/2025-10-07T23_38_58_856Z-debug-0.log
Watcher exited; restarting in 1s…
npm error could not determine executable to run
npm error A complete log of this run can be found in: /Users/christophercook/.npm/_logs/2025-10-07T23_39_00_418Z-debug-0.log
Watcher exited; restarting in 1s…
npm error could not determine executable to run
npm error A complete log of this run can be found in: /Users/christophercook/.npm/_logs/2025-10-07T23_39_01_975Z-debug-0.log
Watcher exited; restarting in 1s…
npm error could not determine executable to run
npm error A complete log of this run can be found in: /Users/christophercook/.npm/_logs/2025-10-07T23_39_03_687Z-debug-0.log
Watcher exited; restarting in 1s…
npm error could not determine executable to run
npm error A complete log of this run can be found in: /Users/christophercook/.npm/_logs/2025-10-07T23_39_05_462Z-debug-0.log
Watcher exited; restarting in 1s…
npm error could not determine executable to run
npm error A complete log of this run can be found in: /Users/christophercook/.npm/_logs/2025-10-07T23_39_07_332Z-debug-0.log
Watcher exited; restarting in 1s…
npm error could not determine executable to run
npm error A complete log of this run can be found in: /Users/christophercook/.npm/_logs/2025-10-07T23_39_08_878Z-debug-0.log
Watcher exited; restarting in 1s…
npm error could not determine executable to run
npm error A complete log of this run can be found in: /Users/christophercook/.npm/_logs/2025-10-07T23_39_10_507Z-debug-0.log
Watcher exited; restarting in 1s…
npm error could not determine executable to run
npm error A complete log of this run can be found in: /Users/christophercook/.npm/_logs/2025-10-07T23_39_12_108Z-debug-0.log
Watcher exited; restarting in 1s…
npm error could not determine executable to run
npm error A complete log of this run can be found in: /Users/christophercook/.npm/_logs/2025-10-07T23_39_13_660Z-debug-0.log
Watcher exited; restarting in 1s…
npm error could not determine executable to run
npm error A complete log of this run can be found in: /Users/christophercook/.npm/_logs/2025-10-07T23_39_15_210Z-debug-0.log
Watcher exited; restarting in 1s…
npm error could not determine executable to run
npm error A complete log of this run can be found in: /Users/christophercook/.npm/_logs/2025-10-07T23_39_16_757Z-debug-0.log
Watcher exited; restarting in 1s…
npm error could not determine executable to run
npm error A complete log of this run can be found in: /Users/christophercook/.npm/_logs/2025-10-07T23_39_18_321Z-debug-0.log
Watcher exited; restarting in 1s…
npm error could not determine executable to run
npm error A complete log of this run can be found in: /Users/christophercook/.npm/_logs/2025-10-07T23_39_19_908Z-debug-0.log
Watcher exited; restarting in 1s…
npm error could not determine executable to run
npm error A complete log of this run can be found in: /Users/christophercook/.npm/_logs/2025-10-07T23_39_21_430Z-debug-0.log
Watcher exited; restarting in 1s…
npm error could not determine executable to run
npm error A complete log of this run can be found in: /Users/christophercook/.npm/_logs/2025-10-07T23_39_23_035Z-debug-0.log
Watcher exited; restarting in 1s…
npm error could not determine executable to run
npm error A complete log of this run can be found in: /Users/christophercook/.npm/_logs/2025-10-07T23_39_24_597Z-debug-0.log
Watcher exited; restarting in 1s…
npm error could not determine executable to run
npm error A complete log of this run can be found in: /Users/christophercook/.npm/_logs/2025-10-07T23_39_26_124Z-debug-0.log
Watcher exited; restarting in 1s…
npm error could not determine executable to run
npm error A complete log of this run can be found in: /Users/christophercook/.npm/_logs/2025-10-07T23_39_27_676Z-debug-0.log
Watcher exited; restarting in 1s…
